tick,second_in_day,day,ticker,position,position_change,unrealized_pnl,realized_pnl
2,2,1,SPNG,0,0,0.00,0.00
2,2,1,SMMR,0,0,0.00,0.00
2,2,1,ATMN,0,0,0.00,0.00
2,2,1,WNTR,0,0,0.00,0.00
3,3,1,SPNG,0,0,0.00,0.00
3,3,1,SMMR,0,0,0.00,0.00
3,3,1,ATMN,0,0,0.00,0.00
3,3,1,WNTR,0,0,0.00,0.00
4,4,1,SPNG,0,0,0.00,0.00
4,4,1,SMMR,0,0,0.00,0.00
4,4,1,ATMN,0,0,0.00,0.00
4,4,1,WNTR,0,0,0.00,0.00
5,5,1,SPNG,0,0,0.00,0.00
5,5,1,SMMR,0,0,0.00,0.00
5,5,1,ATMN,0,0,0.00,0.00
5,5,1,WNTR,0,0,0.00,0.00
6,6,1,SPNG,0,0,0.00,0.00
6,6,1,SMMR,4500.0,4500.0,-45.00,90.00
6,6,1,ATMN,0,0,0.00,0.00
6,6,1,WNTR,-10000.0,-10000.0,-360.00,250.00
7,7,1,SPNG,0,0,0.00,0.00
7,7,1,SMMR,-4500.0,-9000.0,-189.00,405.00
7,7,1,ATMN,0,0,0.00,0.00
7,7,1,WNTR,-5000.0,5000.0,-580.00,595.00
8,8,1,SPNG,2000.0,2000.0,-180.00,20.00
8,8,1,SMMR,1618.0,6118.0,-141.26,727.18
8,8,1,ATMN,0,0,0.00,450.00
8,8,1,WNTR,-2245.0,2755.0,-193.07,482.05
9,9,1,SPNG,2600.0,600.0,-204.00,106.00
9,9,1,SMMR,-1666.0,-3284.0,185.83,959.02
9,9,1,ATMN,-600.0,-600.0,96.00,789.00
9,9,1,WNTR,9000.0,11245.0,-262.00,615.00
10,10,1,SPNG,1600.0,-1000.0,402.46,261.54
10,10,1,SMMR,-6747.0,-5081.0,-1235.55,1060.64
10,10,1,ATMN,-600.0,0.0,96.00,789.00
10,10,1,WNTR,3400.0,-5600.0,-98.98,948.98
11,11,1,SPNG,-800.0,-2400.0,-16.00,616.00
11,11,1,SMMR,-6747.0,0.0,-1235.55,1060.64
11,11,1,ATMN,-3000.0,-2400.0,-105.00,825.00
11,11,1,WNTR,11360.0,7960.0,-838.46,1147.98
12,12,1,SPNG,900.0,1700.0,-44.10,857.00
12,12,1,SMMR,-3283.0,3464.0,-305.73,807.33
12,12,1,ATMN,-3000.0,0.0,-135.00,825.00
12,12,1,WNTR,-1360.0,-12720.0,-68.00,1711.76
13,13,1,SPNG,900.0,0.0,-44.10,857.00
13,13,1,SMMR,-443.0,2840.0,-50.11,628.05
13,13,1,ATMN,-3000.0,0.0,-135.00,825.00
13,13,1,WNTR,8640.0,10000.0,-609.60,1709.56
14,14,1,SPNG,-1100.0,-2000.0,-314.00,895.90
14,14,1,SMMR,4323.0,4766.0,-640.69,695.41
14,14,1,ATMN,-5420.0,-2420.0,-868.14,861.30
14,14,1,WNTR,8640.0,0.0,-609.60,1709.56
15,15,1,SPNG,-100.0,1000.0,-12.55,1050.45
15,15,1,SMMR,1959.0,-2364.0,-70.49,730.88
15,15,1,ATMN,-3586.0,1834.0,-557.21,907.83
15,15,1,WNTR,185.0,-8455.0,9.15,1654.13
16,16,1,SPNG,-100.0,0.0,-12.55,1050.45
16,16,1,SMMR,-643.0,-2602.0,-12.86,829.97
16,16,1,ATMN,-3586.0,0.0,411.01,907.83
16,16,1,WNTR,185.0,0.0,11.00,1654.13
17,17,1,SPNG,1900.0,2000.0,-117.00,1066.90
17,17,1,SMMR,-643.0,0.0,-96.45,829.97
17,17,1,ATMN,-3586.0,0.0,303.43,907.83
17,17,1,WNTR,2685.0,2500.0,-42.70,1716.63
18,18,1,SPNG,1900.0,0.0,-22.00,1066.90
18,18,1,SMMR,-2893.0,-2250.0,-381.88,1071.04
18,18,1,ATMN,-7739.0,-4153.0,-694.88,970.13
18,18,1,WNTR,5185.0,2500.0,-593.05,1779.13
19,19,1,SPNG,-100.0,-2000.0,-6.00,1280.90
19,19,1,SMMR,-4752.0,-1859.0,-588.46,1108.22
19,19,1,ATMN,-7739.0,0.0,-617.49,970.13
19,19,1,WNTR,2763.0,-2422.0,-150.25,1780.63
20,20,1,SPNG,-100.0,0.0,-6.00,1280.90
20,20,1,SMMR,-6610.0,-1858.0,-625.62,1071.06
20,20,1,ATMN,-2749.0,4990.0,110.54,936.25
20,20,1,WNTR,1555.0,-1208.0,-118.87,2145.02
21,21,1,SPNG,-100.0,0.0,-10.00,1280.90
21,21,1,SMMR,267.0,6877.0,-18.69,1208.44
21,21,1,ATMN,-2749.0,0.0,110.54,936.25
21,21,1,WNTR,1555.0,0.0,-118.87,2145.02
22,22,1,SPNG,1900.0,2000.0,-535.00,1298.90
22,22,1,SMMR,-1090.0,-1357.0,-21.80,1264.95
22,22,1,ATMN,-2251.0,498.0,-140.95,1341.68
22,22,1,WNTR,-4066.0,-5621.0,-276.02,2209.39
23,23,1,SPNG,900.0,-1000.0,-315.00,1632.90
23,23,1,SMMR,-1090.0,0.0,54.50,1264.95
23,23,1,ATMN,1455.0,3706.0,7.95,1511.89
23,23,1,WNTR,-4066.0,0.0,-194.70,2209.39
24,24,1,SPNG,900.0,0.0,36.00,1632.90
24,24,1,SMMR,1160.0,2250.0,-23.20,1397.15
24,24,1,ATMN,-1012.0,-2467.0,29.84,1738.08
24,24,1,WNTR,1234.0,5300.0,-24.68,2276.70
25,25,1,SPNG,1900.0,1000.0,54.00,1642.90
25,25,1,SMMR,-1090.0,-2250.0,-32.70,1500.15
25,25,1,ATMN,-1012.0,0.0,29.84,1738.08
25,25,1,WNTR,6234.0,5000.0,-715.10,2401.70
26,26,1,SPNG,300.0,-1600.0,-60.47,1872.37
26,26,1,SMMR,1160.0,2250.0,-23.20,1710.05
26,26,1,ATMN,-1012.0,0.0,50.08,1738.08
26,26,1,WNTR,6234.0,0.0,-403.40,2401.70
27,27,1,SPNG,-2080.0,-2380.0,-677.40,1880.70
27,27,1,SMMR,1160.0,0.0,-81.20,1710.05
27,27,1,ATMN,-1012.0,0.0,50.08,1738.08
27,27,1,WNTR,11113.0,4879.0,-1091.13,2523.68
28,28,1,SPNG,-480.0,1600.0,11.68,1837.62
28,28,1,SMMR,1160.0,0.0,-69.60,1710.05
28,28,1,ATMN,-1012.0,0.0,-213.04,1738.08
28,28,1,WNTR,11113.0,0.0,-757.74,2523.68
29,29,1,SPNG,-80.0,400.0,-11.65,1855.35
29,29,1,SMMR,-3340.0,-4500.0,-353.20,1788.45
29,29,1,ATMN,-1012.0,0.0,-213.04,1738.08
29,29,1,WNTR,-4725.0,-15838.0,-24.30,2683.12
30,30,1,SPNG,-80.0,0.0,-11.65,1855.35
30,30,1,SMMR,-5590.0,-2250.0,-465.00,1833.45
30,30,1,ATMN,1988.0,3000.0,-527.40,1630.76
30,30,1,WNTR,-4725.0,0.0,117.45,2683.12
31,31,1,SPNG,-1680.0,-1600.0,-118.05,1871.35
31,31,1,SMMR,-5590.0,0.0,-465.00,1833.45
31,31,1,ATMN,1988.0,0.0,-428.00,1630.76
31,31,1,WNTR,-9389.0,-4664.0,-1463.77,2422.46
32,32,1,SPNG,-2080.0,-400.0,-326.05,1875.35
32,32,1,SMMR,-5590.0,0.0,-353.20,1833.45
32,32,1,ATMN,-1012.0,-3000.0,-239.12,1401.56
32,32,1,WNTR,10121.0,19510.0,-1179.16,2385.34
33,33,1,SPNG,-2080.0,0.0,-575.65,1875.35
33,33,1,SMMR,921.0,6511.0,-27.63,1836.28
33,33,1,ATMN,-2430.0,-1418.0,361.30,1675.05
33,33,1,WNTR,10121.0,0.0,-1179.16,2385.34
34,34,1,SPNG,255.0,2335.0,15.30,1557.33
34,34,1,SMMR,-2946.0,-3867.0,-176.76,1786.57
34,34,1,ATMN,-2430.0,0.0,-513.50,1675.05
34,34,1,WNTR,5597.0,-4524.0,-92.39,2378.53
35,35,1,SPNG,2187.0,1932.0,55.41,1518.69
35,35,1,SMMR,-2946.0,0.0,-176.76,1786.57
35,35,1,ATMN,-2430.0,0.0,-416.30,1675.05
35,35,1,WNTR,3036.0,-2561.0,-85.64,2630.18
36,36,1,SPNG,2670.0,483.0,-214.14,1523.52
36,36,1,SMMR,-276.0,2670.0,-11.04,2133.67
36,36,1,ATMN,1731.0,4161.0,-304.60,1425.35
36,36,1,WNTR,6306.0,3270.0,-262.56,2711.93
37,37,1,SPNG,4340.0,1670.0,-778.34,1540.22
37,37,1,SMMR,5284.0,5560.0,-439.44,2242.11
37,37,1,ATMN,-799.0,-2530.0,4.26,1311.16
37,37,1,WNTR,7123.0,817.0,-903.63,2732.35
38,38,1,SPNG,1904.0,-2436.0,-93.95,1809.78
38,38,1,SMMR,5284.0,0.0,-650.80,2242.11
38,38,1,ATMN,-799.0,0.0,-19.71,1311.16
38,38,1,WNTR,7123.0,0.0,-832.40,2732.35
39,39,1,SPNG,0,-1904.0,0.00,1849.11
39,39,1,SMMR,5284.0,0.0,-439.44,2242.11
39,39,1,ATMN,-799.0,0.0,-59.66,1311.16
39,39,1,WNTR,7123.0,0.0,-547.48,2732.35
40,40,1,SPNG,0,0,0.00,1849.11
40,40,1,SMMR,-4716.0,-10000.0,-471.60,1811.19
40,40,1,ATMN,-799.0,0.0,-59.66,1311.16
40,40,1,WNTR,2123.0,-5000.0,-163.17,2248.05
41,41,1,SPNG,0,0,0.00,1849.11
41,41,1,SMMR,0,4716.0,0.00,1764.03
41,41,1,ATMN,5221.0,6020.0,-163.01,1333.17
41,41,1,WNTR,-5000.0,-7123.0,-450.00,2167.41
42,42,1,SPNG,0,0,0.00,1849.11
42,42,1,SMMR,0,0,0.00,1764.03
42,42,1,ATMN,2189.0,-3032.0,-46.45,1556.87
42,42,1,WNTR,-6213.0,-1213.0,-503.27,1772.74
43,43,1,SPNG,0,0,0.00,1849.11
43,43,1,SMMR,0,0,0.00,1764.03
43,43,1,ATMN,2189.0,0.0,63.00,1556.87
43,43,1,WNTR,-4111.0,2102.0,160.32,1812.67
44,44,1,SPNG,0,0,0.00,1849.11
44,44,1,SMMR,0,0,0.00,1764.03
44,44,1,ATMN,2189.0,0.0,-46.45,1556.87
44,44,1,WNTR,-4111.0,0.0,-4.12,1812.67
45,45,1,SPNG,0,0,0.00,1849.11
45,45,1,SMMR,0,0,0.00,1764.03
45,45,1,ATMN,2189.0,0.0,-46.45,1556.87
45,45,1,WNTR,-4111.0,0.0,201.43,1812.67
46,46,1,SPNG,0,0,0.00,1849.11
46,46,1,SMMR,0,0,0.00,1764.03
46,46,1,ATMN,2189.0,0.0,-528.03,1556.87
46,46,1,WNTR,-4111.0,0.0,201.43,1812.67
47,47,1,SPNG,0,0,0.00,1849.11
47,47,1,SMMR,0,0,0.00,1764.03
47,47,1,ATMN,2189.0,0.0,-90.23,1556.87
47,47,1,WNTR,-4111.0,0.0,-4.12,1812.67
48,48,1,SPNG,0,0,0.00,1849.11
48,48,1,SMMR,0,0,0.00,1764.03
48,48,1,ATMN,2189.0,0.0,-199.68,1556.87
48,48,1,WNTR,-4111.0,0.0,-4.12,1812.67
49,49,1,SPNG,0,0,0.00,1849.11
49,49,1,SMMR,0,0,0.00,1764.03
49,49,1,ATMN,2189.0,0.0,-68.34,1556.87
49,49,1,WNTR,-4111.0,0.0,78.10,1812.67
50,50,1,SPNG,0,0,0.00,1849.11
50,50,1,SMMR,0,0,0.00,1764.03
50,50,1,ATMN,2189.0,0.0,41.11,1556.87
50,50,1,WNTR,-4111.0,0.0,78.10,1812.67
51,51,1,SPNG,0,0,0.00,1849.11
51,51,1,SMMR,0,0,0.00,1764.03
51,51,1,ATMN,2189.0,0.0,-199.68,1556.87
51,51,1,WNTR,-4111.0,0.0,242.54,1812.67
52,52,1,SPNG,0,0,0.00,1849.11
52,52,1,SMMR,0,0,0.00,1764.03
52,52,1,ATMN,2189.0,0.0,-549.92,1556.87
52,52,1,WNTR,-4111.0,0.0,-538.55,1812.67
53,53,1,SPNG,0,0,0.00,1849.11
53,53,1,SMMR,0,0,0.00,1764.03
53,53,1,ATMN,2189.0,0.0,-549.92,1556.87
53,53,1,WNTR,-4111.0,0.0,-579.66,1812.67
54,54,1,SPNG,0,0,0.00,1849.11
54,54,1,SMMR,0,0,0.00,1764.03
54,54,1,ATMN,2189.0,0.0,-549.92,1556.87
54,54,1,WNTR,-4111.0,0.0,-620.77,1812.67
55,55,1,SPNG,0,0,0.00,1849.11
55,55,1,SMMR,0,0,0.00,1764.03
55,55,1,ATMN,2189.0,0.0,-549.92,1556.87
55,55,1,WNTR,-4111.0,0.0,-415.22,1812.67
56,56,1,SPNG,0,0,0.00,1849.11
56,56,1,SMMR,0,0,0.00,1764.03
56,56,1,ATMN,2189.0,0.0,-549.92,1556.87
56,56,1,WNTR,-4111.0,0.0,-661.88,1812.67
57,57,1,SPNG,0,0,0.00,1849.11
57,57,1,SMMR,0,0,0.00,1764.03
57,57,1,ATMN,2189.0,0.0,-506.14,1556.87
57,57,1,WNTR,-4111.0,0.0,-497.44,1812.67
58,58,1,SPNG,0,0,0.00,1849.11
58,58,1,SMMR,0,0,0.00,1764.03
58,58,1,ATMN,2189.0,0.0,-506.14,1556.87
58,58,1,WNTR,-4111.0,0.0,-497.44,1812.67
59,59,1,SPNG,0,0,0.00,1849.11
59,59,1,SMMR,0,0,0.00,1764.03
59,59,1,ATMN,2189.0,0.0,-506.14,1556.87
59,59,1,WNTR,-4111.0,0.0,-333.00,1812.67
60,0,2,SPNG,0,0,0.00,1849.11
60,0,2,SMMR,0,0,0.00,1764.03
60,0,2,ATMN,2189.0,0.0,-2169.78,1556.87
60,0,2,WNTR,-4111.0,0.0,-333.00,1812.67
61,1,2,SPNG,0,0,0.00,1849.11
61,1,2,SMMR,0,0,0.00,1764.03
61,1,2,ATMN,2189.0,0.0,-2169.78,1556.87
61,1,2,WNTR,-4111.0,0.0,2750.25,1812.67
62,2,2,SPNG,0,0,0.00,1849.11
62,2,2,SMMR,0,0,0.00,1764.03
62,2,2,ATMN,2189.0,0.0,-5737.85,1556.87
62,2,2,WNTR,-4111.0,0.0,2750.25,1812.67
63,3,2,SPNG,0,0,0.00,1849.11
63,3,2,SMMR,0,0,0.00,1764.03
63,3,2,ATMN,2189.0,0.0,-2782.70,1556.87
63,3,2,WNTR,-4111.0,0.0,2750.25,1812.67
64,4,2,SPNG,0,0,0.00,1849.11
64,4,2,SMMR,0,0,0.00,1764.03
64,4,2,ATMN,2189.0,0.0,-1928.99,1556.87
64,4,2,WNTR,-4111.0,0.0,3284.68,1812.67
65,5,2,SPNG,0,0,0.00,1849.11
65,5,2,SMMR,0,0,0.00,1764.03
65,5,2,ATMN,2189.0,0.0,-2782.70,1556.87
65,5,2,WNTR,-4111.0,0.0,3284.68,1812.67
66,6,2,SPNG,0,0,0.00,1849.11
66,6,2,SMMR,0,0,0.00,1764.03
66,6,2,ATMN,2189.0,0.0,-2651.36,1556.87
66,6,2,WNTR,-911.0,3200.0,727.89,4545.46
67,7,2,SPNG,-2000.0,-2000.0,-410.00,1869.11
67,7,2,SMMR,0,0,0.00,1764.03
67,7,2,ATMN,408.0,-1781.0,-465.62,-448.93
67,7,2,WNTR,1204.0,2115.0,0.00,5361.44
68,8,2,SPNG,-2000.0,0.0,30.00,1869.11
68,8,2,SMMR,2250.0,2250.0,-22.50,1809.03
68,8,2,ATMN,-1196.0,-1604.0,-382.24,-463.07
68,8,2,WNTR,6204.0,5000.0,-1046.72,5486.44
69,9,2,SPNG,-2000.0,0.0,30.00,1869.11
69,9,2,SMMR,-2250.0,-4500.0,-153.00,2011.53
69,9,2,ATMN,1204.0,2400.0,11.96,-55.47
69,9,2,WNTR,3704.0,-2500.0,-439.73,5652.15
70,10,2,SPNG,-4000.0,-2000.0,-1130.00,1889.11
70,10,2,SMMR,-53.0,2197.0,-1.59,2565.33
70,10,2,ATMN,-563.0,-1767.0,56.30,246.23
70,10,2,WNTR,857.0,-2847.0,12.54,5709.36
71,11,2,SPNG,-4000.0,0.0,-1130.00,1889.11
71,11,2,SMMR,-53.0,0.0,1.59,2565.33
71,11,2,ATMN,-563.0,0.0,101.34,246.23
71,11,2,WNTR,857.0,0.0,12.54,5709.36
72,12,2,SPNG,-5400.0,-1400.0,-1072.20,1903.11
72,12,2,SMMR,4447.0,4500.0,-283.76,2660.10
72,12,2,ATMN,-4905.0,-4342.0,-1180.19,285.88
72,12,2,WNTR,-4143.0,-5000.0,-162.15,5881.18
73,13,2,SPNG,-2600.0,2800.0,159.76,1837.15
73,13,2,SMMR,847.0,-3600.0,13.71,3033.39
73,13,2,ATMN,-5390.0,-485.0,-2346.04,276.18
73,13,2,WNTR,-7900.0,-3757.0,-403.01,5975.10
74,14,2,SPNG,-3790.0,-1190.0,-611.44,1813.35
74,14,2,SMMR,-11353.0,-12200.0,-457.85,3324.98
74,14,2,ATMN,-5390.0,0.0,-1375.84,276.18
74,14,2,WNTR,-11656.0,-3756.0,-955.77,6069.01
75,15,2,SPNG,-3790.0,0.0,222.36,1813.35
75,15,2,SMMR,-11353.0,0.0,-457.85,3324.98
75,15,2,ATMN,-1005.0,4385.0,145.47,823.17
75,15,2,WNTR,-11656.0,0.0,-1072.33,6069.01
76,16,2,SPNG,-3790.0,0.0,-421.94,1813.35
76,16,2,SMMR,4886.0,16239.0,-97.72,3146.63
76,16,2,ATMN,-1005.0,0.0,145.47,823.17
76,16,2,WNTR,505.0,12161.0,-10.10,5509.67
77,17,2,SPNG,-3790.0,0.0,-421.94,1813.35
77,17,2,SMMR,2062.0,-2824.0,-44.84,3392.13
77,17,2,ATMN,-1005.0,0.0,-35.43,823.17
77,17,2,WNTR,505.0,0.0,15.15,5509.67
78,18,2,SPNG,-2411.0,1379.0,-3.21,1783.94
78,18,2,SMMR,2062.0,0.0,-44.84,3392.13
78,18,2,ATMN,-4005.0,-3000.0,-306.63,868.17
78,18,2,WNTR,10505.0,10000.0,610.40,5759.67
79,19,2,SPNG,-1033.0,1378.0,-1.37,1837.21
79,19,2,SMMR,-1693.0,-3755.0,0.00,3504.87
79,19,2,ATMN,-1005.0,3000.0,164.25,1262.49
79,19,2,WNTR,1304.0,-9201.0,75.77,6110.28
80,20,2,SPNG,-2177.0,-1144.0,-172.99,1848.65
80,20,2,SMMR,-1693.0,0.0,33.86,3504.87
80,20,2,ATMN,-1005.0,0.0,164.25,1262.49
80,20,2,WNTR,3804.0,2500.0,37.73,6172.78
81,21,2,SPNG,-177.0,2000.0,-3.45,1843.73
81,21,2,SMMR,4615.0,6308.0,-22.50,3681.82
81,21,2,ATMN,1995.0,3000.0,69.00,1521.99
81,21,2,WNTR,1304.0,-2500.0,25.97,6360.08
82,22,2,SPNG,-177.0,0.0,-3.45,1843.73
82,22,2,SMMR,-8772.0,-13387.0,-605.88,3682.09
82,22,2,ATMN,1995.0,0.0,-110.55,1521.99
82,22,2,WNTR,2304.0,1000.0,89.12,6751.93
83,23,2,SPNG,1823.0,2000.0,86.46,1869.13
83,23,2,SMMR,-8772.0,0.0,-605.88,3682.09
83,23,2,ATMN,239.0,-1756.0,3.49,1512.48
83,23,2,WNTR,-3616.0,-5920.0,-253.12,6722.65
84,24,2,SPNG,1823.0,0.0,-22.92,1869.13
84,24,2,SMMR,8342.0,17114.0,-98.38,3859.24
84,24,2,ATMN,239.0,0.0,-13.24,1512.48
84,24,2,WNTR,-7530.0,-3914.0,-502.50,6820.50
85,25,2,SPNG,-540.0,-2363.0,-41.20,1925.53
85,25,2,SMMR,21156.0,12814.0,-1616.11,3924.54
85,25,2,ATMN,-4516.0,-4755.0,-1399.20,1558.18
85,25,2,WNTR,-1085.0,6445.0,79.49,7157.35
86,26,2,SPNG,1185.0,1725.0,-75.39,2031.18
86,26,2,SMMR,21156.0,0.0,-1616.11,3924.54
86,26,2,ATMN,-1311.0,3205.0,65.77,841.61
86,26,2,WNTR,-1085.0,0.0,79.49,7157.35
87,27,2,SPNG,1185.0,0.0,303.81,2031.18
87,27,2,SMMR,21156.0,0.0,-1616.11,3924.54
87,27,2,ATMN,-549.0,762.0,20.49,866.36
87,27,2,WNTR,-6085.0,-5000.0,-824.11,7282.35
88,28,2,SPNG,3185.0,2000.0,-18.39,2051.18
88,28,2,SMMR,3156.0,-18000.0,-241.09,3395.52
88,28,2,ATMN,-3510.0,-2961.0,-340.71,910.77
88,28,2,WNTR,-6085.0,0.0,-337.31,7282.35
89,29,2,SPNG,1976.0,-1209.0,-809.27,2527.54
89,29,2,SMMR,-26.0,-3182.0,-0.48,3837.05
89,29,2,ATMN,-4671.0,-1161.0,-375.54,928.19
89,29,2,WNTR,-9258.0,-3173.0,-1403.87,7361.68
90,30,2,SPNG,2766.0,790.0,-778.31,2525.96
90,30,2,SMMR,-2280.0,-2254.0,-46.08,3882.13
90,30,2,ATMN,-5831.0,-1160.0,-3155.86,945.59
90,30,2,WNTR,-1668.0,7590.0,-212.73,7010.66
91,31,2,SPNG,851.0,-1915.0,7.33,2504.16
91,31,2,SMMR,6720.0,9000.0,-832.80,4061.65
91,31,2,ATMN,-1631.0,4200.0,-50.92,-78.04
91,31,2,WNTR,-1668.0,0.0,-212.73,7010.66
92,32,2,SPNG,2074.0,1223.0,-189.80,2515.73
92,32,2,SMMR,6720.0,0.0,-429.60,4061.65
92,32,2,ATMN,-1631.0,0.0,-50.92,-78.04
92,32,2,WNTR,-3917.0,-2249.0,-251.90,7066.88
93,33,2,SPNG,4074.0,2000.0,-1089.78,2475.73
93,33,2,SMMR,-1747.0,-8467.0,-91.72,4521.17
93,33,2,ATMN,1103.0,2734.0,-11.03,-4.24
93,33,2,WNTR,-6165.0,-2248.0,-480.52,7123.08
94,34,2,SPNG,4074.0,0.0,213.90,2475.73
94,34,2,SMMR,-1747.0,0.0,65.51,4521.17
94,34,2,ATMN,-1581.0,-2684.0,-112.17,168.38
94,34,2,WNTR,1300.0,7465.0,0.00,7105.90
95,35,2,SPNG,4074.0,0.0,-763.86,2475.73
95,35,2,SMMR,-4324.0,-2577.0,-205.13,4572.71
95,35,2,ATMN,-1581.0,0.0,-143.79,168.38
95,35,2,WNTR,1300.0,0.0,0.00,7105.90
96,36,2,SPNG,1341.0,-2733.0,110.64,2291.21
96,36,2,SMMR,2456.0,6780.0,-49.80,5115.21
96,36,2,ATMN,819.0,2400.0,-49.14,142.07
96,36,2,WNTR,1300.0,0.0,0.00,7105.90
97,37,2,SPNG,-910.0,-2251.0,-48.14,2491.41
97,37,2,SMMR,2456.0,0.0,-172.60,5115.21
97,37,2,ATMN,-1875.0,-2694.0,-519.28,182.49
97,37,2,WNTR,-3700.0,-5000.0,-140.00,7269.90
98,38,2,SPNG,-910.0,0.0,-48.14,2491.41
98,38,2,SMMR,1123.0,-1333.0,-112.61,5248.14
98,38,2,ATMN,-1875.0,0.0,-125.53,182.49
98,38,2,WNTR,-3700.0,0.0,-177.00,7269.90
99,39,2,SPNG,-562.0,348.0,-29.62,2476.37
99,39,2,SMMR,0,-1123.0,0.00,5270.29
99,39,2,ATMN,-1875.0,0.0,-369.28,182.49
99,39,2,WNTR,-3700.0,0.0,-140.00,7269.90
100,40,2,SPNG,1387.0,1949.0,27.70,2471.86
100,40,2,SMMR,0,0,0.00,5270.29
100,40,2,ATMN,1875.0,3750.0,337.50,19.45
100,40,2,WNTR,0,3700.0,0.00,7055.90
101,41,2,SPNG,0,-1387.0,0.00,2638.26
101,41,2,SMMR,0,0,0.00,5270.29
101,41,2,ATMN,1875.0,0.0,-150.00,19.45
101,41,2,WNTR,0,0,0.00,7055.90
102,42,2,SPNG,0,0,0.00,2638.26
102,42,2,SMMR,0,0,0.00,5270.29
102,42,2,ATMN,0,-1875.0,0.00,-46.17
102,42,2,WNTR,0,0,0.00,7055.90
103,43,2,SPNG,0,0,0.00,2638.26
103,43,2,SMMR,0,0,0.00,5270.29
103,43,2,ATMN,0,0,0.00,-46.17
103,43,2,WNTR,0,0,0.00,7055.90
104,44,2,SPNG,0,0,0.00,2638.26
104,44,2,SMMR,0,0,0.00,5270.29
104,44,2,ATMN,0,0,0.00,-46.17
104,44,2,WNTR,0,0,0.00,7055.90
105,45,2,SPNG,0,0,0.00,2638.26
105,45,2,SMMR,0,0,0.00,5270.29
105,45,2,ATMN,0,0,0.00,-46.17
105,45,2,WNTR,0,0,0.00,7055.90
106,46,2,SPNG,0,0,0.00,2638.26
106,46,2,SMMR,0,0,0.00,5270.29
106,46,2,ATMN,0,0,0.00,-46.17
106,46,2,WNTR,0,0,0.00,7055.90
107,47,2,SPNG,0,0,0.00,2638.26
107,47,2,SMMR,0,0,0.00,5270.29
107,47,2,ATMN,0,0,0.00,-46.17
107,47,2,WNTR,0,0,0.00,7055.90
108,48,2,SPNG,0,0,0.00,2638.26
108,48,2,SMMR,0,0,0.00,5270.29
108,48,2,ATMN,0,0,0.00,-46.17
108,48,2,WNTR,0,0,0.00,7055.90
109,49,2,SPNG,0,0,0.00,2638.26
109,49,2,SMMR,0,0,0.00,5270.29
109,49,2,ATMN,0,0,0.00,-46.17
109,49,2,WNTR,0,0,0.00,7055.90
110,50,2,SPNG,0,0,0.00,2638.26
110,50,2,SMMR,0,0,0.00,5270.29
110,50,2,ATMN,0,0,0.00,-46.17
110,50,2,WNTR,0,0,0.00,7055.90
111,51,2,SPNG,0,0,0.00,2638.26
111,51,2,SMMR,0,0,0.00,5270.29
111,51,2,ATMN,0,0,0.00,-46.17
111,51,2,WNTR,0,0,0.00,7055.90
112,52,2,SPNG,0,0,0.00,2638.26
112,52,2,SMMR,0,0,0.00,5270.29
112,52,2,ATMN,0,0,0.00,-46.17
112,52,2,WNTR,0,0,0.00,7055.90
113,53,2,SPNG,0,0,0.00,2638.26
113,53,2,SMMR,0,0,0.00,5270.29
113,53,2,ATMN,0,0,0.00,-46.17
113,53,2,WNTR,0,0,0.00,7055.90
114,54,2,SPNG,0,0,0.00,2638.26
114,54,2,SMMR,0,0,0.00,5270.29
114,54,2,ATMN,0,0,0.00,-46.17
114,54,2,WNTR,0,0,0.00,7055.90
115,55,2,SPNG,0,0,0.00,2638.26
115,55,2,SMMR,0,0,0.00,5270.29
115,55,2,ATMN,0,0,0.00,-46.17
115,55,2,WNTR,0,0,0.00,7055.90
116,56,2,SPNG,0,0,0.00,2638.26
116,56,2,SMMR,0,0,0.00,5270.29
116,56,2,ATMN,0,0,0.00,-46.17
116,56,2,WNTR,0,0,0.00,7055.90
117,57,2,SPNG,0,0,0.00,2638.26
117,57,2,SMMR,0,0,0.00,5270.29
117,57,2,ATMN,0,0,0.00,-46.17
117,57,2,WNTR,0,0,0.00,7055.90
118,58,2,SPNG,0,0,0.00,2638.26
118,58,2,SMMR,0,0,0.00,5270.29
118,58,2,ATMN,0,0,0.00,-46.17
118,58,2,WNTR,0,0,0.00,7055.90
119,59,2,SPNG,0,0,0.00,2638.26
119,59,2,SMMR,0,0,0.00,5270.29
119,59,2,ATMN,0,0,0.00,-46.17
119,59,2,WNTR,0,0,0.00,7055.90
120,0,3,SPNG,0,0,0.00,2638.26
120,0,3,SMMR,0,0,0.00,5270.29
120,0,3,ATMN,0,0,0.00,-46.17
120,0,3,WNTR,0,0,0.00,7055.90
121,1,3,SPNG,0,0,0.00,2638.26
121,1,3,SMMR,0,0,0.00,5270.29
121,1,3,ATMN,0,0,0.00,-46.17
121,1,3,WNTR,0,0,0.00,7055.90
122,2,3,SPNG,0,0,0.00,2638.26
122,2,3,SMMR,0,0,0.00,5270.29
122,2,3,ATMN,0,0,0.00,-46.17
122,2,3,WNTR,0,0,0.00,7055.90
123,3,3,SPNG,0,0,0.00,2638.26
123,3,3,SMMR,0,0,0.00,5270.29
123,3,3,ATMN,0,0,0.00,-46.17
123,3,3,WNTR,0,0,0.00,7055.90
124,4,3,SPNG,0,0,0.00,2638.26
124,4,3,SMMR,0,0,0.00,5270.29
124,4,3,ATMN,0,0,0.00,-46.17
124,4,3,WNTR,0,0,0.00,7055.90
125,5,3,SPNG,0,0,0.00,2638.26
125,5,3,SMMR,0,0,0.00,5270.29
125,5,3,ATMN,0,0,0.00,-46.17
125,5,3,WNTR,0,0,0.00,7055.90
126,6,3,SPNG,0,0,0.00,2638.26
126,6,3,SMMR,2250.0,2250.0,-45.00,5315.29
126,6,3,ATMN,0,0,0.00,-46.17
126,6,3,WNTR,-5000.0,-5000.0,-850.00,6955.90
127,7,3,SPNG,2000.0,2000.0,-690.00,2658.26
127,7,3,SMMR,4500.0,2250.0,-1728.00,5360.29
127,7,3,ATMN,3000.0,3000.0,-2016.00,-1.17
127,7,3,WNTR,-5000.0,0.0,-600.00,6955.90
128,8,3,SPNG,2000.0,0.0,-610.00,2658.26
128,8,3,SMMR,4500.0,0.0,-1548.00,5360.29
128,8,3,ATMN,4936.0,1936.0,-625.36,-39.89
128,8,3,WNTR,-1500.0,3500.0,-318.26,7546.16
129,9,3,SPNG,0,-2000.0,0.00,2308.26
129,9,3,SMMR,2001.0,-2499.0,-688.34,4625.58
129,9,3,ATMN,2404.0,-2532.0,345.52,342.44
129,9,3,WNTR,-1500.0,0.0,-483.26,7546.16
130,10,3,SPNG,0,0,0.00,2308.26
130,10,3,SMMR,1370.0,-631.0,-271.23,4383.34
130,10,3,ATMN,2404.0,0.0,345.52,342.44
130,10,3,WNTR,3500.0,5000.0,-95.00,7232.90
131,11,3,SPNG,0,0,0.00,2308.26
131,11,3,SMMR,1370.0,0.0,-271.23,4383.34
131,11,3,ATMN,778.0,-1626.0,0.00,926.59
131,11,3,WNTR,3500.0,0.0,-130.00,7232.90
132,12,3,SPNG,3000.0,3000.0,-140.00,2308.26
132,12,3,SMMR,-2230.0,-3600.0,-84.50,4225.21
132,12,3,ATMN,2045.0,1267.0,-117.98,945.60
132,12,3,WNTR,3500.0,0.0,-130.00,7232.90
133,13,3,SPNG,1000.0,-2000.0,-36.67,2524.93
133,13,3,SMMR,-2230.0,0.0,-39.90,4225.21
133,13,3,ATMN,-1572.0,-3617.0,-33.96,1011.65
133,13,3,WNTR,11400.0,7900.0,-3211.40,7430.40
134,14,3,SPNG,-1400.0,-2400.0,-100.00,2756.26
134,14,3,SMMR,-2230.0,0.0,-106.80,4225.21
134,14,3,ATMN,-326.0,1246.0,0.80,1429.45
134,14,3,WNTR,11400.0,0.0,-1273.40,7430.40
135,15,3,SPNG,-1400.0,0.0,-100.00,2756.26
135,15,3,SMMR,8372.0,10602.0,-424.85,4419.65
135,15,3,ATMN,-326.0,0.0,17.10,1429.45
135,15,3,WNTR,11400.0,0.0,-1273.40,7430.40
136,16,3,SPNG,-1400.0,0.0,-100.00,2756.26
136,16,3,SMMR,4476.0,-3896.0,-227.14,4751.79
136,16,3,ATMN,-2726.0,-2400.0,-101.20,1465.45
136,16,3,WNTR,8900.0,-2500.0,-2507.15,6676.15
137,17,3,SPNG,880.0,2280.0,-505.20,2756.86
137,17,3,SMMR,1656.0,-2820.0,-112.72,5407.95
137,17,3,ATMN,-2726.0,0.0,-73.94,1465.45
137,17,3,WNTR,-660.0,-9560.0,-112.20,5316.44
138,18,3,SPNG,914.0,34.0,-25.18,2466.95
138,18,3,SMMR,-892.0,-2548.0,-26.76,5625.15
138,18,3,ATMN,-5199.0,-2473.0,-81.45,1502.55
138,18,3,WNTR,4340.0,5000.0,-606.00,5428.24
139,19,3,SPNG,1914.0,1000.0,-165.18,2476.95
139,19,3,SMMR,612.0,1504.0,-24.48,6067.72
139,19,3,ATMN,-7672.0,-2473.0,-675.54,1453.09
139,19,3,WNTR,4340.0,0.0,-41.80,5428.24
140,20,3,SPNG,1314.0,-600.0,239.71,2748.84
140,20,3,SMMR,2862.0,2250.0,10.08,6112.72
140,20,3,ATMN,-7672.0,0.0,-1059.14,1453.09
140,20,3,WNTR,8037.0,3697.0,-141.46,5354.30
141,21,3,SPNG,914.0,-400.0,166.74,2841.81
141,21,3,SMMR,5112.0,2250.0,-218.52,6157.72
141,21,3,ATMN,-8888.0,-1216.0,-1590.90,1471.33
141,21,3,WNTR,2649.0,-5388.0,191.78,5845.41
142,22,3,SPNG,914.0,0.0,166.74,2841.81
142,22,3,SMMR,8229.0,3117.0,-1167.37,6220.06
142,22,3,ATMN,-8888.0,0.0,-2035.30,1471.33
142,22,3,WNTR,-3408.0,-6057.0,-320.38,6268.09
143,23,3,SPNG,2625.0,1711.0,-263.01,2858.92
143,23,3,SMMR,3157.0,-5072.0,-447.85,6603.70
143,23,3,ATMN,-3604.0,5284.0,-753.21,911.26
143,23,3,WNTR,-227.0,3181.0,8.17,6318.95
144,24,3,SPNG,625.0,-2000.0,49.88,2888.53
144,24,3,SMMR,3157.0,0.0,-163.72,6603.70
144,24,3,ATMN,-1521.0,2083.0,-226.62,760.73
144,24,3,WNTR,2953.0,3180.0,-88.59,6263.52
145,25,3,SPNG,625.0,0.0,37.38,2888.53
145,25,3,SMMR,-1351.0,-4508.0,-27.02,6631.63
145,25,3,ATMN,322.0,1843.0,-16.10,717.17
145,25,3,WNTR,7066.0,4113.0,-831.05,6181.27
146,26,3,SPNG,625.0,0.0,37.38,2888.53
146,26,3,SMMR,-1351.0,0.0,-13.51,6631.63
146,26,3,ATMN,-3830.0,-4152.0,-131.50,716.31
146,26,3,WNTR,7066.0,0.0,-195.11,6181.27
147,27,3,SPNG,2625.0,2000.0,-10.12,2908.53
147,27,3,SMMR,3149.0,4500.0,-242.90,6775.67
147,27,3,ATMN,-830.0,3000.0,-24.90,1476.11
147,27,3,WNTR,886.0,-6180.0,46.42,6653.34
148,28,3,SPNG,2170.0,-455.0,-117.37,3122.21
148,28,3,SMMR,3149.0,0.0,-305.88,6775.67
148,28,3,ATMN,670.0,1500.0,17.30,1573.31
148,28,3,WNTR,886.0,0.0,46.42,6653.34
149,29,3,SPNG,2170.0,0.0,164.73,3122.21
149,29,3,SMMR,1561.0,-1588.0,-119.90,6927.26
149,29,3,ATMN,3670.0,3000.0,255.70,1565.81
149,29,3,WNTR,886.0,0.0,46.42,6653.34
150,30,3,SPNG,2170.0,0.0,164.73,3122.21
150,30,3,SMMR,1561.0,0.0,-26.24,6927.26
150,30,3,ATMN,3670.0,0.0,255.70,1565.81
150,30,3,WNTR,886.0,0.0,46.42,6653.34
151,31,3,SPNG,1770.0,-400.0,-48.30,3473.64
151,31,3,SMMR,5638.0,4077.0,-73.79,7008.80
151,31,3,ATMN,3670.0,0.0,-882.00,1565.81
151,31,3,WNTR,5886.0,5000.0,96.42,6778.34
152,32,3,SPNG,2226.0,456.0,-352.29,3761.41
152,32,3,SMMR,-4484.0,-10122.0,-363.08,7312.36
152,32,3,ATMN,2019.0,-1651.0,-391.51,1654.97
152,32,3,WNTR,10886.0,5000.0,-149.02,6903.34
153,33,3,SPNG,2226.0,0.0,-352.29,3761.41
153,33,3,SMMR,9322.0,13806.0,-117.15,8352.14
153,33,3,ATMN,2019.0,0.0,-7.90,1654.97
153,33,3,WNTR,6766.0,-4120.0,-183.67,7214.45
154,34,3,SPNG,226.0,-2000.0,65.93,3674.89
154,34,3,SMMR,9322.0,0.0,-117.15,8352.14
154,34,3,ATMN,2019.0,0.0,-7.90,1654.97
154,34,3,WNTR,-587.0,-7353.0,23.48,7576.44
155,35,3,SPNG,3226.0,3000.0,-379.58,3998.70
155,35,3,SMMR,1467.0,-7855.0,-18.44,8646.18
155,35,3,ATMN,-981.0,-3000.0,-103.53,1828.79
155,35,3,WNTR,-587.0,0.0,-17.61,8398.18
156,36,3,SPNG,2226.0,-1000.0,917.86,4291.04
156,36,3,SMMR,5967.0,4500.0,-63.44,8736.18
156,36,3,ATMN,2019.0,3000.0,513.18,1986.08
156,36,3,WNTR,1413.0,2000.0,124.95,9274.75
157,37,3,SPNG,3741.0,1515.0,-743.45,4269.83
157,37,3,SMMR,-3033.0,-9000.0,-85.32,9046.42
157,37,3,ATMN,2019.0,0.0,-188.28,2644.22
157,37,3,WNTR,1413.0,0.0,-242.43,9274.75
158,38,3,SPNG,3741.0,0.0,1127.05,4269.83
158,38,3,SMMR,-333.0,2700.0,-22.69,9240.47
158,38,3,ATMN,2019.0,0.0,-188.28,2644.22
158,38,3,WNTR,1413.0,0.0,-242.43,9274.75
159,39,3,SPNG,3741.0,0.0,-556.40,4269.83
159,39,3,SMMR,0,333.0,0.00,9211.12
159,39,3,ATMN,0,-2019.0,0.00,2748.69
159,39,3,WNTR,0,-1413.0,0.00,9138.30
160,40,3,SPNG,-5063.0,-8804.0,-301.53,4624.49
160,40,3,SMMR,0,0,0.00,9211.12
160,40,3,ATMN,0,0,0.00,2748.69
160,40,3,WNTR,-2000.0,-2000.0,-100.00,9188.30
161,41,3,SPNG,-5063.0,0.0,-301.53,4624.49
161,41,3,SMMR,0,0,0.00,9211.12
161,41,3,ATMN,0,0,0.00,2748.69
161,41,3,WNTR,0,2000.0,0.00,9218.30
162,42,3,SPNG,4937.0,10000.0,-543.07,5851.31
162,42,3,SMMR,0,0,0.00,9211.12
162,42,3,ATMN,0,0,0.00,2748.69
162,42,3,WNTR,0,0,0.00,9218.30
163,43,3,SPNG,4937.0,0.0,-394.96,5851.31
163,43,3,SMMR,0,0,0.00,9211.12
163,43,3,ATMN,0,0,0.00,2748.69
163,43,3,WNTR,0,0,0.00,9218.30
164,44,3,SPNG,4937.0,0.0,-394.96,5851.31
164,44,3,SMMR,0,0,0.00,9211.12
164,44,3,ATMN,0,0,0.00,2748.69
164,44,3,WNTR,0,0,0.00,9218.30
165,45,3,SPNG,4937.0,0.0,-148.11,5851.31
165,45,3,SMMR,0,0,0.00,9211.12
165,45,3,ATMN,0,0,0.00,2748.69
165,45,3,WNTR,0,0,0.00,9218.30
166,46,3,SPNG,4937.0,0.0,-148.11,5851.31
166,46,3,SMMR,0,0,0.00,9211.12
166,46,3,ATMN,0,0,0.00,2748.69
166,46,3,WNTR,0,0,0.00,9218.30
167,47,3,SPNG,4937.0,0.0,-148.11,5851.31
167,47,3,SMMR,0,0,0.00,9211.12
167,47,3,ATMN,0,0,0.00,2748.69
167,47,3,WNTR,0,0,0.00,9218.30
168,48,3,SPNG,4937.0,0.0,1086.14,5851.31
168,48,3,SMMR,0,0,0.00,9211.12
168,48,3,ATMN,0,0,0.00,2748.69
168,48,3,WNTR,0,0,0.00,9218.30
169,49,3,SPNG,4937.0,0.0,-394.96,5851.31
169,49,3,SMMR,0,0,0.00,9211.12
169,49,3,ATMN,0,0,0.00,2748.69
169,49,3,WNTR,0,0,0.00,9218.30
170,50,3,SPNG,4937.0,0.0,-394.96,5851.31
170,50,3,SMMR,0,0,0.00,9211.12
170,50,3,ATMN,0,0,0.00,2748.69
170,50,3,WNTR,0,0,0.00,9218.30
171,51,3,SPNG,4937.0,0.0,-394.96,5851.31
171,51,3,SMMR,0,0,0.00,9211.12
171,51,3,ATMN,0,0,0.00,2748.69
171,51,3,WNTR,0,0,0.00,9218.30
172,52,3,SPNG,4937.0,0.0,1481.10,5851.31
172,52,3,SMMR,0,0,0.00,9211.12
172,52,3,ATMN,0,0,0.00,2748.69
172,52,3,WNTR,0,0,0.00,9218.30
173,53,3,SPNG,4937.0,0.0,1481.10,5851.31
173,53,3,SMMR,0,0,0.00,9211.12
173,53,3,ATMN,0,0,0.00,2748.69
173,53,3,WNTR,0,0,0.00,9218.30
174,54,3,SPNG,4937.0,0.0,-394.96,5851.31
174,54,3,SMMR,0,0,0.00,9211.12
174,54,3,ATMN,0,0,0.00,2748.69
174,54,3,WNTR,0,0,0.00,9218.30
175,55,3,SPNG,4937.0,0.0,-444.33,5851.31
175,55,3,SMMR,0,0,0.00,9211.12
175,55,3,ATMN,0,0,0.00,2748.69
175,55,3,WNTR,0,0,0.00,9218.30
176,56,3,SPNG,4937.0,0.0,394.96,5851.31
176,56,3,SMMR,0,0,0.00,9211.12
176,56,3,ATMN,0,0,0.00,2748.69
176,56,3,WNTR,0,0,0.00,9218.30
177,57,3,SPNG,4937.0,0.0,-493.70,5851.31
177,57,3,SMMR,0,0,0.00,9211.12
177,57,3,ATMN,0,0,0.00,2748.69
177,57,3,WNTR,0,0,0.00,9218.30
178,58,3,SPNG,4937.0,0.0,-493.70,5851.31
178,58,3,SMMR,0,0,0.00,9211.12
178,58,3,ATMN,0,0,0.00,2748.69
178,58,3,WNTR,0,0,0.00,9218.30
179,59,3,SPNG,4937.0,0.0,-98.74,5851.31
179,59,3,SMMR,0,0,0.00,9211.12
179,59,3,ATMN,0,0,0.00,2748.69
179,59,3,WNTR,0,0,0.00,9218.30
180,0,4,SPNG,4937.0,0.0,-2764.72,5851.31
180,0,4,SMMR,0,0,0.00,9211.12
180,0,4,ATMN,0,0,0.00,2748.69
180,0,4,WNTR,0,0,0.00,9218.30
181,1,4,SPNG,4937.0,0.0,-2764.72,5851.31
181,1,4,SMMR,0,0,0.00,9211.12
181,1,4,ATMN,0,0,0.00,2748.69
181,1,4,WNTR,0,0,0.00,9218.30
182,2,4,SPNG,4937.0,0.0,-2764.72,5851.31
182,2,4,SMMR,0,0,0.00,9211.12
182,2,4,ATMN,0,0,0.00,2748.69
182,2,4,WNTR,0,0,0.00,9218.30
183,3,4,SPNG,4937.0,0.0,-8639.75,5851.31
183,3,4,SMMR,0,0,0.00,9211.12
183,3,4,ATMN,0,0,0.00,2748.69
183,3,4,WNTR,0,0,0.00,9218.30
184,4,4,SPNG,4937.0,0.0,-8639.75,5851.31
184,4,4,SMMR,0,0,0.00,9211.12
184,4,4,ATMN,0,0,0.00,2748.69
184,4,4,WNTR,0,0,0.00,9218.30
185,5,4,SPNG,4937.0,0.0,-4443.30,5851.31
185,5,4,SMMR,0,0,0.00,9211.12
185,5,4,ATMN,0,0,0.00,2748.69
185,5,4,WNTR,0,0,0.00,9218.30
186,6,4,SPNG,4937.0,0.0,-3702.75,5851.31
186,6,4,SMMR,4500.0,4500.0,-1233.00,9301.12
186,6,4,ATMN,0,0,0.00,2748.69
186,6,4,WNTR,-5000.0,-5000.0,-680.00,9118.30
187,7,4,SPNG,1951.0,-2986.0,-1463.25,3919.36
187,7,4,SMMR,4500.0,0.0,-1233.00,9301.12
187,7,4,ATMN,600.0,600.0,-102.00,3027.69
187,7,4,WNTR,-6750.0,-1750.0,-982.50,9083.30
188,8,4,SPNG,1951.0,0.0,-1463.25,3919.36
188,8,4,SMMR,4500.0,0.0,-1053.00,9301.12
188,8,4,ATMN,600.0,0.0,-42.00,3027.69
188,8,4,WNTR,-8500.0,-1750.0,-865.00,9048.30
189,9,4,SPNG,1951.0,0.0,-1131.58,3919.36
189,9,4,SMMR,1441.0,-3059.0,-279.55,8768.85
189,9,4,ATMN,1200.0,600.0,-354.00,3246.69
189,9,4,WNTR,-8500.0,0.0,-1205.00,9048.30
190,10,4,SPNG,1951.0,0.0,-1131.58,3919.36
190,10,4,SMMR,-3453.0,-4894.0,-101.42,8601.59
190,10,4,ATMN,1200.0,0.0,28.00,3431.69
190,10,4,WNTR,-10950.0,-2450.0,-1620.95,9109.55
191,11,4,SPNG,1951.0,0.0,-1131.58,3919.36
191,11,4,SMMR,-4677.0,-1224.0,-42.41,8626.07
191,11,4,ATMN,2700.0,1500.0,-248.00,3454.19
191,11,4,WNTR,-6260.0,4690.0,-551.08,8907.73
192,12,4,SPNG,1951.0,0.0,-1131.58,3919.36
192,12,4,SMMR,-2502.0,2175.0,-168.13,9137.21
192,12,4,ATMN,2700.0,0.0,-59.00,3454.19
192,12,4,WNTR,4433.0,10693.0,-132.99,8830.35
193,13,4,SPNG,3316.0,1365.0,-1354.20,3933.01
193,13,4,SMMR,2898.0,5400.0,-203.40,9152.14
193,13,4,ATMN,2100.0,-600.0,-139.18,3759.37
193,13,4,WNTR,5933.0,1500.0,-118.66,8800.35
194,14,4,SPNG,926.0,-2390.0,-183.70,3136.22
194,14,4,SMMR,127.0,-2771.0,2.52,8957.65
194,14,4,ATMN,2700.0,600.0,-85.18,3768.37
194,14,4,WNTR,-1438.0,-7371.0,-215.70,9067.15
195,15,4,SPNG,926.0,0.0,-183.70,3136.22
195,15,4,SMMR,-785.0,-912.0,15.70,9220.63
195,15,4,ATMN,-840.0,-3540.0,-8.40,4314.39
195,15,4,WNTR,-1438.0,0.0,-215.70,9067.15
196,16,4,SPNG,926.0,0.0,-183.70,3136.22
196,16,4,SMMR,-3035.0,-2250.0,-74.30,9175.63
196,16,4,ATMN,-840.0,0.0,-16.80,4314.39
196,16,4,WNTR,-1438.0,0.0,-215.70,9067.15
197,17,4,SPNG,2127.0,1201.0,-431.95,3148.23
197,17,4,SMMR,-3035.0,0.0,-13.60,9175.63
197,17,4,ATMN,2160.0,3000.0,-357.60,4359.39
197,17,4,WNTR,-1438.0,0.0,-201.32,9067.15
198,18,4,SPNG,4127.0,2000.0,-881.19,3168.23
198,18,4,SMMR,-7329.0,-4294.0,-632.73,9187.91
198,18,4,ATMN,2160.0,0.0,-508.80,4359.39
198,18,4,WNTR,-2861.0,-1423.0,-260.42,9125.31
199,19,4,SPNG,4127.0,0.0,-633.57,3168.23
199,19,4,SMMR,-7329.0,0.0,-266.28,9187.91
199,19,4,ATMN,-683.0,-2843.0,-20.49,4012.72
199,19,4,WNTR,1069.0,3930.0,-91.18,9401.25
200,20,4,SPNG,4127.0,0.0,-633.57,3168.23
200,20,4,SMMR,-7329.0,0.0,-192.99,9187.91
200,20,4,ATMN,-1394.0,-711.0,-201.71,4023.39
200,20,4,WNTR,3213.0,2144.0,37.10,9454.84
201,21,4,SPNG,4127.0,0.0,-633.57,3168.23
201,21,4,SMMR,-7329.0,0.0,-192.99,9187.91
201,21,4,ATMN,-2522.0,-1128.0,-369.90,3756.38
201,21,4,WNTR,-927.0,-4140.0,35.10,9703.26
202,22,4,SPNG,4127.0,0.0,-509.76,3168.23
202,22,4,SMMR,2446.0,9775.0,-91.82,9566.44
202,22,4,ATMN,-651.0,1871.0,-95.48,3493.16
202,22,4,WNTR,-7211.0,-6284.0,-754.81,9860.36
203,23,4,SPNG,-71.0,-4198.0,-0.71,2970.24
203,23,4,SMMR,-599.0,-3045.0,-35.91,9961.20
203,23,4,ATMN,2349.0,3000.0,-274.86,3475.23
203,23,4,WNTR,-3176.0,4035.0,-300.69,10180.44
204,24,4,SPNG,-71.0,0.0,-2.84,2970.24
204,24,4,SMMR,3238.0,3837.0,-165.29,10085.89
204,24,4,ATMN,3622.0,1273.0,-311.08,3494.32
204,24,4,WNTR,3094.0,6270.0,-253.38,10132.19
205,25,4,SPNG,-1071.0,-1000.0,-46.39,3079.53
205,25,4,SMMR,3238.0,0.0,126.13,10085.89
205,25,4,ATMN,19.0,-3603.0,-1.63,3566.76
205,25,4,WNTR,-6.0,-3100.0,-0.24,10155.84
206,26,4,SPNG,-471.0,600.0,7.86,3179.54
206,26,4,SMMR,-2426.0,-5664.0,-365.50,10195.78
206,26,4,ATMN,-825.0,-844.0,-16.50,3818.85
206,26,4,WNTR,928.0,934.0,-67.24,10179.67
207,27,4,SPNG,-471.0,0.0,-36.07,3476.37
207,27,4,SMMR,-2426.0,0.0,-147.16,10195.78
207,27,4,ATMN,-825.0,0.0,33.00,3818.85
207,27,4,WNTR,-3072.0,-4000.0,15.00,10277.39
208,28,4,SPNG,-471.0,0.0,-36.07,3476.37
208,28,4,SMMR,2946.0,5372.0,-120.28,10277.36
208,28,4,ATMN,2175.0,3000.0,-390.75,3941.85
208,28,4,WNTR,1928.0,5000.0,-114.96,10545.99
209,29,4,SPNG,-471.0,0.0,-40.78,3476.37
209,29,4,SMMR,2946.0,0.0,-120.28,10277.36
209,29,4,ATMN,2175.0,0.0,-456.00,3941.85
209,29,4,WNTR,6348.0,4420.0,-495.84,10457.59
210,30,4,SPNG,263.0,734.0,-65.75,3582.62
210,30,4,SMMR,2946.0,0.0,-120.28,10277.36
210,30,4,ATMN,-1382.0,-3557.0,-234.94,3732.18
210,30,4,WNTR,6348.0,0.0,202.44,10457.59
211,31,4,SPNG,-2737.0,-3000.0,-373.70,3654.70
211,31,4,SMMR,3129.0,183.0,-145.80,10457.29
211,31,4,ATMN,-1382.0,0.0,13.82,3732.18
211,31,4,WNTR,-1189.0,-7537.0,-83.23,10509.29
212,32,4,SPNG,-2737.0,0.0,228.44,3654.70
212,32,4,SMMR,4956.0,1827.0,-182.34,10493.83
212,32,4,ATMN,1618.0,3000.0,-351.68,3873.93
212,32,4,WNTR,-6189.0,-5000.0,-509.57,10634.29
213,33,4,SPNG,-2464.0,273.0,87.25,3824.35
213,33,4,SMMR,4956.0,0.0,-83.22,10493.83
213,33,4,ATMN,-1382.0,-3000.0,-7.20,5071.93
213,33,4,WNTR,-2189.0,4000.0,82.45,10859.95
214,34,4,SPNG,-4051.0,-1587.0,86.38,3840.22
214,34,4,SMMR,-5098.0,-10054.0,-115.24,10760.37
214,34,4,ATMN,-1382.0,0.0,-21.02,5071.93
214,34,4,WNTR,-4360.0,-2171.0,16.96,10914.23
215,35,4,SPNG,-4051.0,0.0,-1088.41,3840.22
215,35,4,SMMR,-7611.0,-2513.0,-952.45,10810.63
215,35,4,ATMN,-1382.0,0.0,-21.02,5071.93
215,35,4,WNTR,-8050.0,-3690.0,-1398.83,11006.48
216,36,4,SPNG,-4051.0,0.0,-75.66,3840.22
216,36,4,SMMR,-10733.0,-3122.0,-601.95,10873.07
216,36,4,ATMN,-6782.0,-5400.0,-595.50,5068.93
216,36,4,WNTR,-1307.0,6743.0,-227.11,11513.74
217,37,4,SPNG,-2632.0,1419.0,-677.78,4150.53
217,37,4,SMMR,-10733.0,0.0,-1460.59,10873.07
217,37,4,ATMN,-6782.0,0.0,-731.14,5068.93
217,37,4,WNTR,-1307.0,0.0,-161.76,11513.74
218,38,4,SPNG,-2632.0,0.0,85.50,4150.53
218,38,4,SMMR,-7566.0,3167.0,-726.97,11075.49
218,38,4,ATMN,-6782.0,0.0,-731.14,5068.93
218,38,4,WNTR,-1307.0,0.0,47.36,11513.74
219,39,4,SPNG,-2632.0,0.0,-467.22,4150.53
219,39,4,SMMR,-7566.0,0.0,-499.99,11075.49
219,39,4,ATMN,1218.0,8000.0,-517.92,4730.09
219,39,4,WNTR,0,1307.0,0.00,11534.96
220,40,4,SPNG,2632.0,5264.0,-210.56,3762.27
220,40,4,SMMR,-2566.0,5000.0,-349.19,10645.07
220,40,4,ATMN,0,-1218.0,0.00,4571.48
220,40,4,WNTR,0,0,0.00,11534.96
221,41,4,SPNG,2632.0,0.0,-210.56,3762.27
221,41,4,SMMR,5000.0,7566.0,-150.00,10395.88
221,41,4,ATMN,-600.0,-600.0,-30.00,4580.48
221,41,4,WNTR,0,0,0.00,11534.96
222,42,4,SPNG,-2632.0,-5264.0,-236.88,3656.99
222,42,4,SMMR,0,-5000.0,0.00,10145.88
222,42,4,ATMN,0,600.0,0.00,4643.48
222,42,4,WNTR,0,0,0.00,11534.96
223,43,4,SPNG,-2632.0,0.0,-1131.76,3656.99
223,43,4,SMMR,0,0,0.00,10145.88
223,43,4,ATMN,0,0,0.00,4643.48
223,43,4,WNTR,0,0,0.00,11534.96
224,44,4,SPNG,-2632.0,0.0,-105.28,3656.99
224,44,4,SMMR,0,0,0.00,10145.88
224,44,4,ATMN,0,0,0.00,4643.48
224,44,4,WNTR,0,0,0.00,11534.96
225,45,4,SPNG,-2632.0,0.0,-105.28,3656.99
225,45,4,SMMR,0,0,0.00,10145.88
225,45,4,ATMN,0,0,0.00,4643.48
225,45,4,WNTR,0,0,0.00,11534.96
226,46,4,SPNG,-2632.0,0.0,-105.28,3656.99
226,46,4,SMMR,0,0,0.00,10145.88
226,46,4,ATMN,0,0,0.00,4643.48
226,46,4,WNTR,0,0,0.00,11534.96
227,47,4,SPNG,-2632.0,0.0,-105.28,3656.99
227,47,4,SMMR,0,0,0.00,10145.88
227,47,4,ATMN,0,0,0.00,4643.48
227,47,4,WNTR,0,0,0.00,11534.96
228,48,4,SPNG,-2632.0,0.0,26.32,3656.99
228,48,4,SMMR,0,0,0.00,10145.88
228,48,4,ATMN,0,0,0.00,4643.48
228,48,4,WNTR,0,0,0.00,11534.96
229,49,4,SPNG,-2632.0,0.0,26.32,3656.99
229,49,4,SMMR,0,0,0.00,10145.88
229,49,4,ATMN,0,0,0.00,4643.48
229,49,4,WNTR,0,0,0.00,11534.96
230,50,4,SPNG,-2632.0,0.0,26.32,3656.99
230,50,4,SMMR,0,0,0.00,10145.88
230,50,4,ATMN,0,0,0.00,4643.48
230,50,4,WNTR,0,0,0.00,11534.96
231,51,4,SPNG,-2632.0,0.0,26.32,3656.99
231,51,4,SMMR,0,0,0.00,10145.88
231,51,4,ATMN,0,0,0.00,4643.48
231,51,4,WNTR,0,0,0.00,11534.96
232,52,4,SPNG,-2632.0,0.0,26.32,3656.99
232,52,4,SMMR,0,0,0.00,10145.88
232,52,4,ATMN,0,0,0.00,4643.48
232,52,4,WNTR,0,0,0.00,11534.96
233,53,4,SPNG,-2632.0,0.0,236.88,3656.99
233,53,4,SMMR,0,0,0.00,10145.88
233,53,4,ATMN,0,0,0.00,4643.48
233,53,4,WNTR,0,0,0.00,11534.96
234,54,4,SPNG,-2632.0,0.0,0.00,3656.99
234,54,4,SMMR,0,0,0.00,10145.88
234,54,4,ATMN,0,0,0.00,4643.48
234,54,4,WNTR,0,0,0.00,11534.96
235,55,4,SPNG,-2632.0,0.0,0.00,3656.99
235,55,4,SMMR,0,0,0.00,10145.88
235,55,4,ATMN,0,0,0.00,4643.48
235,55,4,WNTR,0,0,0.00,11534.96
236,56,4,SPNG,-2632.0,0.0,-789.60,3656.99
236,56,4,SMMR,0,0,0.00,10145.88
236,56,4,ATMN,0,0,0.00,4643.48
236,56,4,WNTR,0,0,0.00,11534.96
237,57,4,SPNG,-2632.0,0.0,52.64,3656.99
237,57,4,SMMR,0,0,0.00,10145.88
237,57,4,ATMN,0,0,0.00,4643.48
237,57,4,WNTR,0,0,0.00,11534.96
238,58,4,SPNG,-2632.0,0.0,-342.16,3656.99
238,58,4,SMMR,0,0,0.00,10145.88
238,58,4,ATMN,0,0,0.00,4643.48
238,58,4,WNTR,0,0,0.00,11534.96
239,59,4,SPNG,-2632.0,0.0,-342.16,3656.99
239,59,4,SMMR,0,0,0.00,10145.88
239,59,4,ATMN,0,0,0.00,4643.48
239,59,4,WNTR,0,0,0.00,11534.96
240,0,5,SPNG,-2632.0,0.0,-342.16,3656.99
240,0,5,SMMR,0,0,0.00,10145.88
240,0,5,ATMN,0,0,0.00,4643.48
240,0,5,WNTR,0,0,0.00,11534.96
241,1,5,SPNG,-2632.0,0.0,1421.28,3656.99
241,1,5,SMMR,0,0,0.00,10145.88
241,1,5,ATMN,0,0,0.00,4643.48
241,1,5,WNTR,0,0,0.00,11534.96
242,2,5,SPNG,-2632.0,0.0,2447.76,3656.99
242,2,5,SMMR,0,0,0.00,10145.88
242,2,5,ATMN,0,0,0.00,4643.48
242,2,5,WNTR,0,0,0.00,11534.96
243,3,5,SPNG,-2632.0,0.0,2263.52,3656.99
243,3,5,SMMR,0,0,0.00,10145.88
243,3,5,ATMN,0,0,0.00,4643.48
243,3,5,WNTR,0,0,0.00,11534.96
244,4,5,SPNG,-2632.0,0.0,1421.28,3656.99
244,4,5,SMMR,0,0,0.00,10145.88
244,4,5,ATMN,0,0,0.00,4643.48
244,4,5,WNTR,0,0,0.00,11534.96
245,5,5,SPNG,-2632.0,0.0,1737.12,3656.99
245,5,5,SMMR,0,0,0.00,10145.88
245,5,5,ATMN,0,0,0.00,4643.48
245,5,5,WNTR,0,0,0.00,11534.96
246,6,5,SPNG,-2632.0,0.0,1974.00,3656.99
246,6,5,SMMR,0,0,0.00,10145.88
246,6,5,ATMN,0,0,0.00,4643.48
246,6,5,WNTR,0,0,0.00,11534.96
247,7,5,SPNG,-1711.0,921.0,380.22,6036.90
247,7,5,SMMR,-2250.0,-2250.0,67.50,10190.88
247,7,5,ATMN,-3000.0,-3000.0,-705.00,4635.98
247,7,5,WNTR,-1500.0,-1500.0,-136.50,11271.46
248,8,5,SPNG,-1711.0,0.0,-184.41,6036.90
248,8,5,SMMR,810.0,3060.0,-8.10,10500.48
248,8,5,ATMN,-3000.0,0.0,-525.00,4635.98
248,8,5,WNTR,2000.0,3500.0,-20.00,11064.96
249,9,5,SPNG,-3453.0,-1742.0,-645.13,6054.32
249,9,5,SMMR,810.0,0.0,-243.00,10500.48
249,9,5,ATMN,770.0,3770.0,68.82,4350.98
249,9,5,WNTR,-2639.0,-4639.0,-79.17,11172.18
250,10,5,SPNG,-3453.0,0.0,-886.84,6054.32
250,10,5,SMMR,810.0,0.0,-243.00,10500.48
250,10,5,ATMN,381.0,-389.0,-152.64,4210.69
250,10,5,WNTR,-3799.0,-1160.0,82.36,11201.18
251,11,5,SPNG,-2282.0,1171.0,-84.05,6046.32
251,11,5,SMMR,-776.0,-1586.0,-149.71,9751.31
251,11,5,ATMN,-2230.0,-2611.0,-726.50,4120.08
251,11,5,WNTR,-3799.0,0.0,158.34,11201.18
252,12,5,SPNG,-1112.0,1170.0,192.56,6092.15
252,12,5,SMMR,-776.0,0.0,-149.71,9751.31
252,12,5,ATMN,-4284.0,-2054.0,-722.84,4150.89
252,12,5,WNTR,-3799.0,0.0,158.34,11201.18
253,13,5,SPNG,-2768.0,-1656.0,-853.85,6108.71
253,13,5,SMMR,-4278.0,-3502.0,-894.77,9821.35
253,13,5,ATMN,-6456.0,-2172.0,-1409.12,4183.47
253,13,5,WNTR,-7659.0,-3860.0,-1338.72,11297.68
254,14,5,SPNG,-779.0,1989.0,-139.03,5676.66
254,14,5,SMMR,2302.0,6580.0,-189.06,9907.80
254,14,5,ATMN,-2356.0,4100.0,-443.55,4133.18
254,14,5,WNTR,403.0,8062.0,-20.15,11406.11
255,15,5,SPNG,-1549.0,-770.0,-57.28,5572.56
255,15,5,SMMR,3510.0,1208.0,-951.46,9931.96
255,15,5,ATMN,-2356.0,0.0,-160.83,4133.18
255,15,5,WNTR,403.0,0.0,-20.15,11406.11
256,16,5,SPNG,687.0,2236.0,109.71,5841.38
256,16,5,SMMR,629.0,-2881.0,-82.44,9611.96
256,16,5,ATMN,551.0,2907.0,-27.55,4407.90
256,16,5,WNTR,403.0,0.0,-12.09,11406.11
257,17,5,SPNG,2994.0,2307.0,-214.79,5829.86
257,17,5,SMMR,-2252.0,-2881.0,-10.48,9593.43
257,17,5,ATMN,1611.0,1060.0,923.79,4658.94
257,17,5,WNTR,-6097.0,-6500.0,-81.94,11452.08
258,18,5,SPNG,2994.0,0.0,-214.79,5829.86
258,18,5,SMMR,-6142.0,-3890.0,337.58,9515.63
258,18,5,ATMN,1611.0,0.0,923.79,4658.94
258,18,5,WNTR,-8597.0,-2500.0,-2064.10,11402.08
259,19,5,SPNG,489.0,-2505.0,121.40,5923.18
259,19,5,SMMR,-6142.0,0.0,-829.40,9515.63
259,19,5,ATMN,5122.0,3511.0,-1692.58,4711.60
259,19,5,WNTR,-8597.0,0.0,-1978.13,11402.08
260,20,5,SPNG,489.0,0.0,121.40,5923.18
260,20,5,SMMR,-8414.0,-2272.0,234.96,9470.19
260,20,5,ATMN,5122.0,0.0,-1692.58,4711.60
260,20,5,WNTR,-160.0,8437.0,-36.82,10000.72
261,21,5,SPNG,2039.0,1550.0,-228.46,5938.68
261,21,5,SMMR,-1704.0,6710.0,149.82,10066.88
261,21,5,ATMN,1709.0,-3413.0,-564.74,3832.88
261,21,5,WNTR,-4160.0,-4000.0,-125.22,10100.72
262,22,5,SPNG,439.0,-1600.0,34.22,6031.41
262,22,5,SMMR,-5741.0,-4037.0,-92.84,10147.62
262,22,5,ATMN,-1041.0,-2750.0,-31.23,3384.03
262,22,5,WNTR,-5160.0,-1000.0,-228.42,10125.72
263,23,5,SPNG,39.0,-400.0,-0.86,6054.59
263,23,5,SMMR,-1651.0,4090.0,22.83,10587.62
263,23,5,ATMN,-1728.0,-687.0,-58.92,3394.34
263,23,5,WNTR,491.0,5651.0,-9.82,10312.86
264,24,5,SPNG,1639.0,1600.0,-109.30,6070.59
264,24,5,SMMR,-4598.0,-2947.0,-297.88,10646.56
264,24,5,ATMN,1272.0,3000.0,-26.88,3540.50
264,24,5,WNTR,1903.0,1412.0,-409.45,10348.16
265,25,5,SPNG,-361.0,-2000.0,64.98,6247.87
265,25,5,SMMR,325.0,4923.0,-3.25,10572.08
265,25,5,ATMN,1272.0,0.0,-103.20,3540.50
265,25,5,WNTR,6330.0,4427.0,-210.31,10458.83
266,26,5,SPNG,-361.0,0.0,64.98,6247.87
266,26,5,SMMR,325.0,0.0,-3.25,10572.08
266,26,5,ATMN,-1728.0,-3000.0,-178.92,3558.62
266,26,5,WNTR,6330.0,0.0,-83.71,10458.83
267,27,5,SPNG,-934.0,-573.0,-73.41,6541.76
267,27,5,SMMR,325.0,0.0,-9.75,10572.08
267,27,5,ATMN,-1728.0,0.0,-317.16,3558.62
267,27,5,WNTR,7880.0,1550.0,-225.81,10497.58
268,28,5,SPNG,666.0,1600.0,-35.28,6624.45
268,28,5,SMMR,325.0,0.0,-9.75,10572.08
268,28,5,ATMN,-1728.0,0.0,-317.16,3558.62
268,28,5,WNTR,10776.0,2896.0,-1608.35,10513.24
269,29,5,SPNG,-934.0,-1600.0,-286.90,6453.91
269,29,5,SMMR,325.0,0.0,-3.25,10572.08
269,29,5,ATMN,672.0,2400.0,-20.16,3385.70
269,29,5,WNTR,10776.0,0.0,-422.99,10513.24
270,30,5,SPNG,1066.0,2000.0,-145.88,6607.31
270,30,5,SMMR,325.0,0.0,-16.25,10572.08
270,30,5,ATMN,672.0,0.0,0.00,3385.70
270,30,5,WNTR,12542.0,1766.0,-1804.38,10557.39
271,31,5,SPNG,-934.0,-2000.0,-382.94,6525.29
271,31,5,SMMR,325.0,0.0,-2.46,10757.54
271,31,5,ATMN,672.0,0.0,20.16,3385.70
271,31,5,WNTR,7887.0,-4655.0,-661.46,10702.31
272,32,5,SPNG,-934.0,0.0,-392.28,6525.29
272,32,5,SMMR,3368.0,3043.0,-111.11,10818.40
272,32,5,ATMN,72.0,-600.0,-2.88,3556.58
272,32,5,WNTR,7887.0,0.0,-661.46,10702.31
273,33,5,SPNG,-934.0,0.0,-105.42,6774.43
273,33,5,SMMR,-2058.0,-5426.0,-152.67,11098.35
273,33,5,ATMN,72.0,0.0,-0.72,3556.58
273,33,5,WNTR,-8419.0,-16306.0,-342.08,10408.07
274,34,5,SPNG,-934.0,0.0,6.66,6774.43
274,34,5,SMMR,2442.0,4500.0,-243.54,11179.74
274,34,5,ATMN,-1728.0,-1800.0,-55.76,3683.98
274,34,5,WNTR,-4236.0,4183.0,-172.12,10468.17
275,35,5,SPNG,-934.0,0.0,6.66,6774.43
275,35,5,SMMR,7682.0,5240.0,-557.94,11074.94
275,35,5,ATMN,-4128.0,-2400.0,-155.48,3719.98
275,35,5,WNTR,-5473.0,-1237.0,-226.85,10499.10
276,36,5,SPNG,-934.0,0.0,-316.24,7102.47
276,36,5,SMMR,7682.0,0.0,-557.94,11074.94
276,36,5,ATMN,-2628.0,1500.0,-98.98,3850.98
276,36,5,WNTR,1714.0,7187.0,-142.66,10580.17
277,37,5,SPNG,-934.0,0.0,-64.06,7102.47
277,37,5,SMMR,7682.0,0.0,-557.94,11074.94
277,37,5,ATMN,-2628.0,0.0,-20.14,3850.98
277,37,5,WNTR,-1643.0,-3357.0,46.28,10761.75
278,38,5,SPNG,-934.0,0.0,-241.52,7102.47
278,38,5,SMMR,418.0,-7264.0,15.62,10990.47
278,38,5,ATMN,1432.0,4060.0,-168.00,4061.38
278,38,5,WNTR,-1643.0,0.0,-19.44,10761.75
279,39,5,SPNG,0,934.0,0.00,7047.75
279,39,5,SMMR,0,-418.0,0.00,10997.73
279,39,5,ATMN,-1762.0,-3194.0,-4.40,3991.41
279,39,5,WNTR,0,1643.0,0.00,10709.45
280,40,5,SPNG,0,0,0.00,7047.75
280,40,5,SMMR,0,0,0.00,10997.73
280,40,5,ATMN,0,1762.0,0.00,4207.26
280,40,5,WNTR,0,0,0.00,10709.45
281,41,5,SPNG,0,0,0.00,7047.75
281,41,5,SMMR,0,0,0.00,10997.73
281,41,5,ATMN,0,0,0.00,4207.26
281,41,5,WNTR,0,0,0.00,10709.45
282,42,5,SPNG,0,0,0.00,7047.75
282,42,5,SMMR,1939.0,1939.0,-24.24,11036.51
282,42,5,ATMN,0,0,0.00,4207.26
282,42,5,WNTR,0,0,0.00,10709.45
283,43,5,SPNG,0,0,0.00,7047.75
283,43,5,SMMR,1939.0,0.0,189.05,11036.51
283,43,5,ATMN,0,0,0.00,4207.26
283,43,5,WNTR,0,0,0.00,10709.45
284,44,5,SPNG,0,0,0.00,7047.75
284,44,5,SMMR,1939.0,0.0,189.05,11036.51
284,44,5,ATMN,0,0,0.00,4207.26
284,44,5,WNTR,0,0,0.00,10709.45
285,45,5,SPNG,0,0,0.00,7047.75
285,45,5,SMMR,1939.0,0.0,72.71,11036.51
285,45,5,ATMN,0,0,0.00,4207.26
285,45,5,WNTR,0,0,0.00,10709.45
286,46,5,SPNG,0,0,0.00,7047.75
286,46,5,SMMR,1939.0,0.0,72.71,11036.51
286,46,5,ATMN,0,0,0.00,4207.26
286,46,5,WNTR,0,0,0.00,10709.45
287,47,5,SPNG,0,0,0.00,7047.75
287,47,5,SMMR,1939.0,0.0,72.71,11036.51
287,47,5,ATMN,0,0,0.00,4207.26
287,47,5,WNTR,0,0,0.00,10709.45
288,48,5,SPNG,0,0,0.00,7047.75
288,48,5,SMMR,1939.0,0.0,150.27,11036.51
288,48,5,ATMN,0,0,0.00,4207.26
288,48,5,WNTR,0,0,0.00,10709.45
289,49,5,SPNG,0,0,0.00,7047.75
289,49,5,SMMR,1939.0,0.0,150.27,11036.51
289,49,5,ATMN,0,0,0.00,4207.26
289,49,5,WNTR,0,0,0.00,10709.45
290,50,5,SPNG,0,0,0.00,7047.75
290,50,5,SMMR,1939.0,0.0,-63.02,11036.51
290,50,5,ATMN,0,0,0.00,4207.26
290,50,5,WNTR,0,0,0.00,10709.45
291,51,5,SPNG,0,0,0.00,7047.75
291,51,5,SMMR,1939.0,0.0,-63.02,11036.51
291,51,5,ATMN,0,0,0.00,4207.26
291,51,5,WNTR,0,0,0.00,10709.45
292,52,5,SPNG,0,0,0.00,7047.75
292,52,5,SMMR,1939.0,0.0,53.32,11036.51
292,52,5,ATMN,0,0,0.00,4207.26
292,52,5,WNTR,0,0,0.00,10709.45
293,53,5,SPNG,0,0,0.00,7047.75
293,53,5,SMMR,1939.0,0.0,-82.41,11036.51
293,53,5,ATMN,0,0,0.00,4207.26
293,53,5,WNTR,0,0,0.00,10709.45
294,54,5,SPNG,0,0,0.00,7047.75
294,54,5,SMMR,1939.0,0.0,-63.02,11036.51
294,54,5,ATMN,0,0,0.00,4207.26
294,54,5,WNTR,0,0,0.00,10709.45
295,55,5,SPNG,0,0,0.00,7047.75
295,55,5,SMMR,1939.0,0.0,189.05,11036.51
295,55,5,ATMN,0,0,0.00,4207.26
295,55,5,WNTR,0,0,0.00,10709.45
296,56,5,SPNG,0,0,0.00,7047.75
296,56,5,SMMR,1939.0,0.0,189.05,11036.51
296,56,5,ATMN,0,0,0.00,4207.26
296,56,5,WNTR,0,0,0.00,10709.45
297,57,5,SPNG,0,0,0.00,7047.75
297,57,5,SMMR,1939.0,0.0,-24.24,11036.51
297,57,5,ATMN,0,0,0.00,4207.26
297,57,5,WNTR,0,0,0.00,10709.45
298,58,5,SPNG,0,0,0.00,7047.75
298,58,5,SMMR,1939.0,0.0,-24.24,11036.51
298,58,5,ATMN,0,0,0.00,4207.26
298,58,5,WNTR,0,0,0.00,10709.45
299,59,5,SPNG,0,0,0.00,7047.75
299,59,5,SMMR,1939.0,0.0,305.39,11036.51
299,59,5,ATMN,0,0,0.00,4207.26
299,59,5,WNTR,0,0,0.00,10709.45
