tick,second_in_day,day,ticker,bid_1_price,bid_1_size,bid_2_price,bid_2_size,bid_3_price,bid_3_size,bid_4_price,bid_4_size,bid_5_price,bid_5_size,ask_1_price,ask_1_size,ask_2_price,ask_2_size,ask_3_price,ask_3_size,ask_4_price,ask_4_size,ask_5_price,ask_5_size,bid_total_size,ask_total_size,imbalance
3,3,1,WNTR,24.95,85500.0,24.91,28500.0,24.89,118000.0,24.87,102200.0,24.87,122800.0,24.99,119200.0,25.01,35700.0,25.08,111900.0,25.08,84900.0,25.10,107000.0,457000.0,458700.0,-0.0019
3,3,1,SMMR,24.97,117400.0,24.95,21500.0,24.95,98000.0,24.93,92700.0,24.91,103000.0,25.09,89900.0,25.10,115500.0,25.10,96600.0,25.18,93600.0,25.23,1000.0,432600.0,396600.0,0.0434
3,3,1,ATMN,25.15,96100.0,24.98,113600.0,24.80,109500.0,24.69,111000.0,24.66,114100.0,25.16,118000.0,25.29,131400.0,25.34,124300.0,25.41,108000.0,25.46,108200.0,544300.0,589900.0,-0.0402
3,3,1,SPNG,24.76,54600.0,24.73,1000.0,24.68,98200.0,24.57,95800.0,24.56,91900.0,25.03,32700.0,25.04,131000.0,25.06,111800.0,25.13,92200.0,25.15,136700.0,341500.0,504400.0,-0.1926
6,6,1,WNTR,24.93,5000.0,24.92,3000.0,24.91,80283.0,24.91,2000.0,24.89,118000.0,24.97,38900.0,24.97,2000.0,24.99,36500.0,25.00,2783.0,25.01,35700.0,208283.0,115883.0,0.2850
6,6,1,SMMR,25.01,4500.0,25.00,2700.0,24.98,1800.0,24.95,6200.0,24.93,92700.0,25.05,2700.0,25.07,1800.0,25.10,88800.0,25.16,115600.0,25.17,92800.0,107900.0,301700.0,-0.4731
6,6,1,ATMN,24.78,2.0,24.69,27296.0,24.68,2.0,24.66,114100.0,24.66,125700.0,25.29,125090.0,25.29,112600.0,25.34,124300.0,25.35,92700.0,25.37,4463.0,267100.0,459153.0,-0.2644
6,6,1,SPNG,24.90,5625.0,24.80,5625.0,24.74,100700.0,24.68,34686.0,24.57,95800.0,25.04,6887.0,25.04,5624.0,25.06,111800.0,25.13,92200.0,25.14,5624.0,242436.0,222135.0,0.0437
9,9,1,WNTR,25.04,91068.0,25.00,6023.0,24.99,3614.0,24.94,123300.0,24.93,90200.0,25.08,36099.0,25.08,84900.0,25.09,122400.0,25.10,107000.0,25.12,93400.0,314205.0,443799.0,-0.1710
9,9,1,SMMR,24.98,739.0,24.93,2250.0,24.91,69300.0,24.91,1350.0,24.90,99700.0,25.02,126900.0,25.04,900.0,25.06,2189.0,25.09,118900.0,25.10,71050.0,173339.0,319939.0,-0.2972
9,9,1,ATMN,25.00,121000.0,24.94,2910.0,24.88,1804.0,24.84,2910.0,24.69,27296.0,25.22,98200.0,25.22,5625.0,25.29,125090.0,25.29,112600.0,25.30,1210.0,155920.0,342725.0,-0.3746
9,9,1,SPNG,25.02,5625.0,25.02,1000.0,24.99,600.0,24.98,118800.0,24.93,400.0,25.05,1953.0,25.12,1000.0,25.13,10618.0,25.15,136700.0,25.15,1953.0,126425.0,152224.0,-0.0926
12,12,1,WNTR,24.96,34975.0,24.96,4265.0,24.94,123300.0,24.93,90200.0,24.89,11723.0,25.08,42585.0,25.08,677.0,25.09,122400.0,25.10,107000.0,25.12,93400.0,264463.0,366062.0,-0.1611
12,12,1,SMMR,24.92,105400.0,24.91,69300.0,24.90,99700.0,24.90,2250.0,24.89,112000.0,24.93,131111.0,24.93,2720.0,24.95,2250.0,24.97,1350.0,25.01,900.0,388650.0,138331.0,0.4750
12,12,1,ATMN,25.25,109191.0,25.22,4084.0,25.22,1500.0,25.19,900.0,25.15,600.0,25.29,37390.0,25.29,112600.0,25.29,1500.0,25.32,900.0,25.33,703.0,116275.0,153093.0,-0.1367
12,12,1,SPNG,24.93,79983.0,24.92,104100.0,24.86,112300.0,24.84,114900.0,24.82,130600.0,25.18,775.0,25.20,51354.0,25.23,123100.0,25.49,118400.0,25.52,124300.0,541883.0,417929.0,0.1291
15,15,1,WNTR,24.91,3460.0,24.89,11723.0,24.89,90100.0,24.88,123500.0,24.87,102200.0,24.92,89500.0,24.93,59843.0,24.98,98000.0,24.99,8483.0,24.99,2210.0,330983.0,258036.0,0.1238
15,15,1,SMMR,24.92,82769.0,24.91,69300.0,24.91,1350.0,24.90,99700.0,24.89,112000.0,24.99,2250.0,25.01,1350.0,25.02,9505.0,25.04,2445.0,25.04,3460.0,365119.0,19010.0,0.9010
15,15,1,ATMN,25.04,1500.0,25.02,900.0,24.97,600.0,24.94,5625.0,24.84,5625.0,25.14,900.0,25.19,600.0,25.35,54344.0,25.41,108000.0,25.46,108200.0,14250.0,272044.0,-0.9005
15,15,1,SPNG,25.21,128528.0,25.13,2179.0,25.09,2854.0,25.06,1464.0,25.04,5625.0,25.23,103332.0,25.28,703.0,25.49,118400.0,25.52,124300.0,25.52,1906.0,140650.0,348641.0,-0.4251
18,18,1,WNTR,24.89,22530.0,24.89,116000.0,24.89,4204.0,24.88,123500.0,24.88,2802.0,24.98,66553.0,24.99,86600.0,25.00,91100.0,25.00,3520.0,25.01,102500.0,269036.0,350273.0,-0.1312
18,18,1,SMMR,24.92,71180.0,24.91,69300.0,24.90,99700.0,24.89,112000.0,24.88,101100.0,25.05,974.0,25.07,584.0,25.08,99500.0,25.10,389.0,25.11,110261.0,453280.0,211708.0,0.3633
18,18,1,ATMN,25.34,800.0,25.16,125800.0,24.95,5625.0,24.90,106900.0,24.88,4165.0,25.46,59107.0,25.53,89200.0,25.54,100100.0,25.54,105400.0,25.62,124600.0,243290.0,478407.0,-0.3258
18,18,1,SPNG,25.11,128300.0,25.04,352.0,25.04,5273.0,24.99,2189.0,24.98,133300.0,25.19,5273.0,25.29,5273.0,25.49,68504.0,25.51,119700.0,25.52,124300.0,269414.0,323050.0,-0.0905
21,21,1,WNTR,24.93,4400.0,24.91,2640.0,24.89,22530.0,24.89,116000.0,24.88,123500.0,24.94,116800.0,24.95,5799.0,24.96,3479.0,25.00,51803.0,25.00,119300.0,269070.0,297181.0,-0.0496
21,21,1,SMMR,25.00,24200.0,24.89,1986.0,24.88,101100.0,24.87,99100.0,24.86,97100.0,25.02,1830.0,25.04,1098.0,25.07,732.0,25.08,87558.0,25.11,110261.0,323486.0,201479.0,0.2324
21,21,1,ATMN,25.20,14824.0,25.20,94200.0,25.12,1798.0,25.10,1078.0,25.05,719.0,25.23,765.0,25.27,510.0,25.34,108600.0,25.53,89200.0,25.54,100100.0,112619.0,299175.0,-0.4530
21,21,1,SPNG,25.03,5625.0,24.97,41392.0,24.93,79983.0,24.93,5625.0,24.92,104100.0,25.20,2812.0,25.30,2812.0,25.32,51824.0,25.49,68504.0,25.51,119700.0,236725.0,245652.0,-0.0185
24,24,1,WNTR,24.87,40763.0,24.87,122800.0,24.86,915.0,24.84,109700.0,24.84,2485.0,24.92,8615.0,24.93,5169.0,24.94,102900.0,24.94,3446.0,24.97,3116.0,276663.0,123246.0,0.3836
24,24,1,SMMR,24.91,2790.0,24.90,1674.0,24.88,106800.0,24.88,1116.0,24.85,96851.0,24.94,13431.0,25.08,87558.0,25.09,3595.0,25.11,110261.0,25.12,96500.0,209231.0,311345.0,-0.1962
24,24,1,ATMN,25.20,22748.0,25.20,2939.0,25.20,5625.0,25.19,3116.0,25.17,114100.0,25.26,106939.0,25.50,88000.0,25.52,822.0,25.53,89200.0,25.54,100100.0,148528.0,385061.0,-0.4433
24,24,1,SPNG,25.10,119840.0,25.07,1000.0,25.03,1037.0,25.03,600.0,25.01,126100.0,25.16,1000.0,25.18,5625.0,25.28,5625.0,25.32,51824.0,25.34,2819.0,248577.0,66893.0,0.5759
27,27,1,WNTR,24.87,26108.0,24.85,99700.0,24.84,109700.0,24.76,1000.0,24.72,113900.0,24.99,363.0,25.01,24076.0,25.04,104100.0,25.05,91000.0,25.05,106900.0,350408.0,326439.0,0.0354
27,27,1,SMMR,24.96,7101.0,24.95,2132.0,24.95,4260.0,24.93,2929.0,24.93,2840.0,24.98,131895.0,25.11,24361.0,25.12,96500.0,25.12,107600.0,25.16,115600.0,19262.0,475956.0,-0.9222
27,27,1,ATMN,25.20,5625.0,25.19,121200.0,25.17,32474.0,25.17,1071.0,25.12,714.0,25.30,6356.0,25.34,514.0,25.36,2813.0,25.46,2813.0,25.53,73339.0,161084.0,85835.0,0.3048
27,27,1,SPNG,25.03,600.0,25.01,1536.0,24.98,400.0,24.93,16843.0,24.93,2359.0,25.18,5625.0,25.21,1997.0,25.22,42625.0,25.25,103300.0,25.27,2141.0,21738.0,155688.0,-0.7550
30,30,1,WNTR,24.87,26108.0,24.86,2505.0,24.85,99700.0,24.84,109700.0,24.84,90300.0,24.89,39546.0,24.94,106800.0,25.01,13852.0,25.01,2100.0,25.03,1400.0,328313.0,163698.0,0.3346
30,30,1,SMMR,24.88,90584.0,24.86,105100.0,24.85,96851.0,24.85,106200.0,24.85,127300.0,25.01,4416.0,25.03,2649.0,25.06,1766.0,25.12,26186.0,25.12,107600.0,526035.0,142617.0,0.5734
30,30,1,ATMN,25.24,5625.0,25.23,3000.0,25.21,1800.0,25.20,3116.0,25.19,121200.0,25.29,1800.0,25.31,1200.0,25.47,34104.0,25.54,90435.0,25.54,105400.0,134741.0,232939.0,-0.2671
30,30,1,SPNG,24.93,1000.0,24.89,1947.0,24.84,106321.0,24.83,130500.0,24.82,130600.0,25.07,3220.0,25.15,2553.0,25.16,5625.0,25.22,42625.0,25.25,103300.0,370368.0,157323.0,0.4037
33,33,1,WNTR,24.84,70811.0,24.79,102900.0,24.76,1000.0,24.76,113700.0,24.73,2944.0,24.94,4340.0,24.96,2604.0,24.98,1736.0,24.99,96800.0,25.01,13852.0,291355.0,119332.0,0.4189
33,33,1,SMMR,25.08,130454.0,25.07,1885.0,25.05,1131.0,25.02,754.0,24.99,3380.0,25.11,29700.0,25.12,50817.0,25.12,101700.0,25.12,2735.0,25.14,1641.0,137604.0,186593.0,-0.1511
33,33,1,ATMN,25.24,5625.0,25.19,44751.0,25.17,32474.0,25.14,5625.0,25.14,115300.0,25.53,88700.0,25.54,59973.0,25.62,124600.0,25.69,116000.0,25.69,95500.0,203775.0,484773.0,-0.4081
33,33,1,SPNG,24.84,57102.0,24.83,130500.0,24.82,130600.0,24.77,116100.0,24.76,107700.0,24.85,83208.0,25.16,352.0,25.16,5273.0,25.16,2146.0,25.21,1293.0,542002.0,92272.0,0.7090
36,36,1,WNTR,24.80,1618.0,24.78,970.0,24.76,647.0,24.73,93800.0,24.72,57858.0,24.83,3675.0,24.85,2205.0,24.87,1470.0,24.90,2733.0,24.94,2078.0,154893.0,12161.0,0.8544
36,36,1,SMMR,24.91,1079.0,24.89,109200.0,24.88,90584.0,24.86,105100.0,24.85,96851.0,24.98,31670.0,25.01,2590.0,25.09,93100.0,25.11,29700.0,25.12,50817.0,402814.0,207877.0,0.3192
36,36,1,ATMN,25.15,2480.0,25.14,98375.0,25.14,1488.0,25.11,992.0,25.09,105600.0,25.53,25883.0,25.54,59973.0,25.62,124600.0,25.69,116000.0,25.69,95500.0,208935.0,421956.0,-0.3377
36,36,1,SPNG,24.83,85309.0,24.82,130600.0,24.77,116100.0,24.76,107700.0,24.74,100700.0,25.04,1636.0,25.17,5625.0,25.21,1349.0,25.25,809.0,25.27,5625.0,540409.0,15044.0,0.9458
39,39,1,WNTR,24.92,86181.0,24.91,106600.0,24.87,74928.0,24.86,2452.0,24.82,82800.0,24.98,79400.0,24.99,96800.0,25.01,13852.0,25.01,122100.0,25.04,104100.0,352961.0,416252.0,-0.0823
39,39,1,SMMR,25.03,126900.0,25.02,118900.0,25.02,2090.0,25.01,28690.0,24.96,96800.0,25.05,1049.0,25.08,2090.0,25.09,28880.0,25.09,97900.0,25.09,128100.0,373380.0,258019.0,0.1827
39,39,1,ATMN,25.59,78876.0,25.32,2481.0,25.31,1489.0,25.31,2712.0,25.29,3316.0,25.62,110586.0,25.62,1504.0,25.64,1028.0,25.69,116000.0,25.69,95500.0,88874.0,324618.0,-0.5701
39,39,1,SPNG,24.82,137000.0,24.77,110350.0,24.77,2856.0,24.76,107700.0,24.74,100700.0,24.83,115324.0,25.05,401.0,25.16,5625.0,25.26,5625.0,25.40,20186.0,458606.0,147161.0,0.5141
42,42,1,WNTR,24.87,28561.0,24.87,3209.0,24.86,2923.0,24.82,82800.0,24.80,1618.0,24.94,120200.0,25.04,97652.0,25.05,91000.0,25.05,106900.0,25.05,115000.0,119111.0,530752.0,-0.6334
42,42,1,SMMR,25.05,91651.0,25.03,9751.0,25.02,118900.0,25.01,28690.0,24.96,96800.0,25.08,1041.0,25.09,28880.0,25.09,97900.0,25.09,128100.0,25.11,29700.0,345792.0,285621.0,0.0953
42,42,1,ATMN,25.32,26971.0,25.31,1489.0,25.30,5625.0,25.28,992.0,25.27,123500.0,25.64,113200.0,25.69,17978.0,25.69,95500.0,25.72,102000.0,25.73,119500.0,158577.0,448178.0,-0.4773
42,42,1,SPNG,25.01,125700.0,24.76,24900.0,24.74,100700.0,24.74,134600.0,24.71,118800.0,25.16,5625.0,25.26,5625.0,25.26,102400.0,25.49,15259.0,25.50,121600.0,504700.0,250509.0,0.3366
45,45,1,WNTR,24.90,85400.0,24.86,1160.0,24.82,12461.0,24.79,3209.0,24.78,2923.0,24.91,104200.0,24.92,88200.0,24.93,2767.0,24.94,9700.0,24.96,97100.0,105153.0,301967.0,-0.4834
45,45,1,SMMR,25.06,111971.0,24.97,90300.0,24.96,58490.0,24.94,118300.0,24.89,109200.0,25.09,125180.0,25.11,29700.0,25.12,50817.0,25.12,101700.0,25.15,116400.0,488261.0,423797.0,0.0707
45,45,1,ATMN,25.31,5625.0,25.30,53263.0,25.27,123500.0,25.25,3145.0,25.21,5625.0,25.35,118700.0,25.55,2812.0,25.62,122600.0,25.64,113200.0,25.65,2812.0,191158.0,360124.0,-0.3065
45,45,1,SPNG,24.87,4921.0,24.77,4921.0,24.74,43350.0,24.74,134600.0,24.71,118800.0,24.94,30708.0,25.16,703.0,25.16,4922.0,25.18,2767.0,25.18,111700.0,306592.0,150800.0,0.3406
48,48,1,WNTR,24.86,55220.0,24.82,12461.0,24.80,97600.0,24.73,93800.0,24.73,90000.0,24.92,18800.0,24.93,2767.0,24.94,9700.0,24.94,3053.0,24.94,2987.0,349081.0,37307.0,0.8069
48,48,1,SMMR,25.00,51913.0,24.97,90300.0,24.97,3983.0,24.96,58490.0,24.94,118300.0,25.12,85025.0,25.15,116400.0,25.16,115600.0,25.16,108400.0,25.17,92800.0,322986.0,518225.0,-0.2321
48,48,1,ATMN,25.31,5625.0,25.30,1688.0,25.27,123500.0,25.21,5625.0,25.17,3225.0,25.54,5625.0,25.62,122600.0,25.64,113200.0,25.64,5625.0,25.69,17978.0,139663.0,265028.0,-0.3098
48,48,1,SPNG,25.00,3500.0,24.93,3868.0,24.87,4921.0,24.87,704.0,24.86,3563.0,25.16,3516.0,25.16,123700.0,25.18,46889.0,25.26,102400.0,25.26,3516.0,16556.0,280021.0,-0.8884
51,51,1,WNTR,24.86,55220.0,24.83,103800.0,24.82,12461.0,24.82,113600.0,24.80,97600.0,24.87,116300.0,24.92,29135.0,24.94,122300.0,25.01,112600.0,25.03,120300.0,382681.0,500635.0,-0.1335
51,51,1,SMMR,24.97,119400.0,24.95,35701.0,24.94,118300.0,24.93,2997.0,24.93,108000.0,25.11,1145.0,25.12,85025.0,25.14,92000.0,25.15,116400.0,25.16,115600.0,384398.0,410170.0,-0.0324
51,51,1,ATMN,25.12,18600.0,25.08,101365.0,25.08,90100.0,25.08,89900.0,25.07,113100.0,25.52,5625.0,25.59,13619.0,25.62,122600.0,25.62,5625.0,25.64,113200.0,413065.0,260669.0,0.2262
51,51,1,SPNG,24.97,2194.0,24.85,2109.0,24.85,1758.0,24.78,126500.0,24.75,2109.0,25.16,5625.0,25.23,70324.0,25.26,102400.0,25.26,3516.0,25.26,2109.0,134670.0,183974.0,-0.1547
54,54,1,WNTR,24.98,112584.0,24.96,118300.0,24.87,3116.0,24.85,23920.0,24.83,103800.0,25.03,107335.0,25.04,97652.0,25.05,91000.0,25.05,106900.0,25.05,115000.0,361720.0,517887.0,-0.1775
54,54,1,SMMR,24.95,35701.0,24.94,118300.0,24.93,108000.0,24.93,124000.0,24.89,109200.0,24.97,40638.0,25.01,122284.0,25.01,4267.0,25.05,129200.0,25.09,3116.0,495201.0,299505.0,0.2462
54,54,1,ATMN,25.30,2813.0,25.30,2812.0,25.30,89600.0,25.27,104300.0,25.20,2813.0,25.36,6800.0,25.57,2812.0,25.61,37524.0,25.61,3283.0,25.62,22344.0,202338.0,72763.0,0.4710
54,54,1,SPNG,24.71,26252.0,24.69,118900.0,24.68,34686.0,24.64,112100.0,24.64,134500.0,25.16,4570.0,25.16,1055.0,25.26,60449.0,25.26,3516.0,25.26,1054.0,426438.0,70644.0,0.7158
57,57,1,WNTR,24.88,2711.0,24.88,2502.0,24.87,3116.0,24.85,23920.0,24.83,103800.0,24.96,86616.0,24.98,85100.0,25.03,24035.0,25.04,97652.0,25.05,91000.0,136049.0,384403.0,-0.4772
57,57,1,SMMR,24.93,103617.0,24.89,109200.0,24.89,114000.0,24.89,2614.0,24.88,90584.0,25.05,129200.0,25.11,116300.0,25.14,92000.0,25.14,2886.0,25.15,116400.0,420015.0,456786.0,-0.0419
57,57,1,ATMN,25.30,89600.0,25.27,104300.0,25.25,121300.0,25.20,128000.0,25.12,18600.0,25.67,99009.0,25.69,17978.0,25.69,95500.0,25.70,102900.0,25.72,102000.0,461800.0,417387.0,0.0505
57,57,1,SPNG,24.71,4102.0,24.69,118900.0,24.68,34686.0,24.64,112100.0,24.64,134500.0,24.84,102000.0,25.11,1569.0,25.33,38349.0,25.38,121700.0,25.41,101300.0,404288.0,364918.0,0.0512
60,0,2,WNTR,26.23,100000.0,26.23,100000.0,,,,,,,,,,,,,,,,,200000.0,0,1.0000
60,0,2,SMMR,25.95,98477.0,25.95,100000.0,,,,,,,,,,,,,,,,,198477.0,0,1.0000
60,0,2,ATMN,25.46,100000.0,25.46,100000.0,,,,,,,25.67,240.0,,,,,,,,,200000.0,240.0,0.9976
60,0,2,SPNG,23.94,100000.0,23.94,100000.0,,,,,,,25.23,539.0,,,,,,,,,200000.0,539.0,0.9946
63,3,2,WNTR,25.90,81500.0,25.88,107500.0,25.87,94000.0,25.87,103700.0,25.73,83100.0,25.96,102915.0,26.08,111900.0,26.42,94200.0,26.52,92100.0,26.65,102800.0,469800.0,503915.0,-0.0350
63,3,2,SMMR,26.09,9700.0,25.63,121600.0,25.55,102100.0,24.93,110192.0,24.75,114600.0,26.14,89800.0,26.15,93300.0,26.33,113500.0,26.37,122800.0,26.38,101700.0,458192.0,521100.0,-0.0642
63,3,2,ATMN,25.41,102400.0,25.28,25500.0,25.04,109800.0,24.98,130100.0,24.33,126900.0,25.67,240.0,25.72,116600.0,25.85,98300.0,25.87,94700.0,26.15,96700.0,494700.0,406540.0,0.0978
63,3,2,SPNG,23.75,127100.0,23.72,41800.0,22.21,148800.0,21.94,137600.0,20.53,141500.0,24.09,103900.0,24.36,110300.0,24.45,112731.0,24.56,129500.0,24.66,115500.0,596800.0,571931.0,0.0213
66,6,2,WNTR,26.01,91200.0,26.01,2500.0,26.00,1500.0,25.98,110700.0,25.98,1000.0,26.17,26100.0,26.42,94200.0,26.52,92100.0,26.65,102800.0,26.65,103700.0,206900.0,418900.0,-0.3388
66,6,2,SMMR,25.86,107400.0,25.85,99200.0,25.84,2250.0,25.84,94400.0,25.82,1350.0,25.87,107084.0,25.88,103100.0,25.89,2250.0,25.91,1350.0,25.94,900.0,304600.0,214684.0,0.1732
66,6,2,ATMN,25.15,26911.0,25.04,109800.0,24.98,130100.0,24.96,4205.0,24.89,3394.0,25.37,5625.0,25.47,20845.0,25.47,5625.0,25.66,3116.0,25.67,113800.0,274410.0,149011.0,0.2962
66,6,2,SPNG,23.76,705.0,23.75,127100.0,23.72,41800.0,23.66,703.0,23.66,4922.0,23.86,1230.0,24.45,32120.0,24.56,129500.0,24.66,115500.0,24.94,4271.0,175230.0,282621.0,-0.2346
69,9,2,WNTR,26.01,75120.0,26.01,2078.0,25.98,110700.0,25.96,11269.0,25.94,80800.0,26.28,2900.0,26.30,1739.0,26.32,3000.0,26.32,107700.0,26.52,92100.0,279967.0,207439.0,0.1488
69,9,2,SMMR,26.05,106900.0,25.86,7634.0,25.85,99200.0,25.84,94400.0,25.74,89500.0,26.06,96600.0,26.07,105500.0,26.08,1642.0,26.09,111200.0,26.10,985.0,397634.0,315927.0,0.1145
69,9,2,ATMN,25.56,102250.0,25.16,17172.0,25.15,26911.0,25.09,4205.0,25.04,109800.0,25.57,112200.0,25.59,600.0,25.67,46748.0,25.72,16440.0,25.74,99200.0,260338.0,275188.0,-0.0277
69,9,2,SPNG,23.77,5625.0,23.75,94765.0,23.74,1569.0,23.72,41800.0,23.55,113600.0,23.87,8670.0,24.23,1000.0,24.27,600.0,24.31,110700.0,24.32,400.0,257359.0,121370.0,0.3591
72,12,2,WNTR,26.25,95902.0,26.11,98600.0,26.01,75120.0,25.98,110700.0,25.96,11269.0,26.48,114900.0,26.48,1882.0,26.52,92100.0,26.54,97600.0,26.61,110900.0,391591.0,417382.0,-0.0319
72,12,2,SMMR,25.88,2031.0,25.86,7634.0,25.86,1218.0,25.86,88700.0,25.85,99200.0,25.96,2189.0,25.97,1016.0,26.02,113000.0,26.06,96600.0,26.07,105500.0,198783.0,318305.0,-0.2311
72,12,2,ATMN,25.15,2813.0,25.15,2812.0,25.09,5699.0,25.09,1322.0,25.06,793.0,25.23,121800.0,25.50,4974.0,25.52,123200.0,25.57,112200.0,25.60,5624.0,13439.0,367798.0,-0.9295
72,12,2,SPNG,24.03,700.0,24.00,420.0,23.95,280.0,23.88,5625.0,23.86,2424.0,24.07,97100.0,24.12,1400.0,24.15,840.0,24.20,560.0,24.20,96800.0,9449.0,196700.0,-0.9083
75,15,2,WNTR,26.25,11177.0,26.11,2120.0,26.10,116700.0,26.09,1272.0,26.08,85000.0,26.26,104000.0,26.37,92200.0,26.47,1464.0,26.48,114900.0,26.52,92100.0,216269.0,404664.0,-0.3034
75,15,2,SMMR,26.06,27186.0,26.02,4116.0,26.01,22300.0,26.01,3095.0,25.99,95600.0,26.07,105500.0,26.08,969.0,26.09,111200.0,26.11,119200.0,26.11,646.0,152297.0,337515.0,-0.3781
75,15,2,ATMN,25.26,652.0,25.16,1487.0,25.06,1487.0,25.04,18573.0,25.04,99600.0,25.40,1256.0,25.43,753.0,25.47,502.0,25.50,5625.0,25.57,63949.0,121799.0,72085.0,0.2564
75,15,2,SPNG,24.02,21731.0,23.98,730.0,23.80,2812.0,23.80,3830.0,23.75,2315.0,24.06,5625.0,24.07,97100.0,24.07,1359.0,24.11,2156.0,24.11,98700.0,31418.0,204940.0,-0.7341
78,18,2,WNTR,26.25,11177.0,26.20,1652.0,26.18,108000.0,26.17,95100.0,26.11,2925.0,26.26,3116.0,26.29,82481.0,26.32,113100.0,26.37,92200.0,26.37,1384.0,218854.0,292281.0,-0.1437
78,18,2,SMMR,26.03,3386.0,26.01,63619.0,26.01,2031.0,25.99,95600.0,25.98,1354.0,26.07,101000.0,26.08,1397.0,26.09,111200.0,26.09,838.0,26.11,119200.0,165990.0,333635.0,-0.3355
78,18,2,ATMN,25.15,5625.0,25.05,5625.0,25.02,5999.0,25.00,122900.0,24.98,130100.0,25.45,109100.0,25.50,5624.0,25.60,5624.0,25.64,66399.0,25.65,112300.0,270249.0,299047.0,-0.0506
78,18,2,SPNG,23.55,23242.0,23.52,106200.0,23.20,128500.0,23.18,146600.0,23.10,147700.0,23.72,105325.0,23.98,1566.0,24.01,939.0,24.04,5625.0,24.06,626.0,552242.0,114081.0,0.6576
81,21,2,WNTR,26.18,1136.0,26.17,95100.0,26.10,116700.0,26.09,107600.0,26.08,85000.0,26.25,83300.0,26.25,1980.0,26.26,16923.0,26.26,1188.0,26.27,102400.0,405536.0,205791.0,0.3267
81,21,2,SMMR,26.01,63619.0,26.01,235.0,26.00,4220.0,26.00,2515.0,25.99,95600.0,26.02,10250.0,26.04,2250.0,26.05,18200.0,26.07,101000.0,26.07,106500.0,166189.0,238200.0,-0.1781
81,21,2,ATMN,25.46,79882.0,25.16,92500.0,25.12,2813.0,25.12,2812.0,25.11,90000.0,25.55,703.0,25.64,66399.0,25.65,112300.0,25.67,46748.0,25.72,16440.0,268007.0,242590.0,0.0498
81,21,2,SPNG,24.18,2498.0,23.86,13639.0,23.83,293.0,23.81,5625.0,23.71,5625.0,24.20,96800.0,24.27,120700.0,24.31,406.0,24.38,122100.0,24.39,107800.0,27680.0,447806.0,-0.8836
84,24,2,WNTR,26.12,88300.0,26.10,116700.0,26.09,107600.0,26.08,85000.0,26.07,48300.0,26.27,15588.0,26.27,426.0,26.32,101297.0,26.37,92200.0,26.40,91500.0,445900.0,301011.0,0.1940
84,24,2,SMMR,25.99,27863.0,25.97,900.0,25.97,2539.0,25.96,2983.0,25.94,98300.0,26.07,9077.0,26.07,2250.0,26.09,111200.0,26.09,1350.0,26.10,2361.0,132585.0,126238.0,0.0245
84,24,2,ATMN,25.46,123900.0,25.40,1500.0,25.37,900.0,25.33,600.0,25.19,5625.0,25.49,900.0,25.53,600.0,25.67,36069.0,25.72,16440.0,25.73,88200.0,132525.0,142209.0,-0.0352
84,24,2,SPNG,23.81,847.0,23.79,141600.0,23.77,508.0,23.72,339.0,23.63,102500.0,23.89,1202.0,23.91,2144.0,23.92,721.0,23.93,4536.0,23.98,481.0,245794.0,9084.0,0.9287
87,27,2,WNTR,26.14,1038.0,26.12,88300.0,26.10,116700.0,26.09,107600.0,26.08,85000.0,26.16,78628.0,26.27,31305.0,26.27,1409.0,26.29,845.0,26.31,563.0,398638.0,112750.0,0.5590
87,27,2,SMMR,25.98,92260.0,25.94,98300.0,25.94,117000.0,25.90,112200.0,25.85,97984.0,26.06,5797.0,26.07,3478.0,26.09,2319.0,26.11,66946.0,26.11,103700.0,517744.0,182240.0,0.4793
87,27,2,ATMN,25.33,1025.0,25.29,683.0,25.19,5625.0,25.11,62691.0,25.09,5625.0,25.39,102300.0,25.42,1342.0,25.44,92684.0,25.45,805.0,25.46,2812.0,75649.0,199943.0,-0.4510
87,27,2,SPNG,23.46,123000.0,23.27,128000.0,23.20,128500.0,23.18,146600.0,23.12,100300.0,23.52,102775.0,23.97,1331.0,24.01,798.0,24.06,532.0,24.07,2813.0,626400.0,108249.0,0.7053
90,30,2,WNTR,26.14,19207.0,26.12,88300.0,26.10,116700.0,26.09,107600.0,26.08,85000.0,26.21,99125.0,26.26,1995.0,26.27,24033.0,26.28,1197.0,26.30,798.0,416807.0,127148.0,0.5325
90,30,2,SMMR,25.94,81133.0,25.94,117000.0,25.93,118000.0,25.90,112200.0,25.88,106300.0,25.98,3009.0,25.99,5344.0,26.01,3562.0,26.07,119000.0,26.07,3243.0,534633.0,134158.0,0.5988
90,30,2,ATMN,25.16,69147.0,25.08,98400.0,25.00,98256.0,24.98,130100.0,24.97,108100.0,25.41,4018.0,25.47,5625.0,25.47,3309.0,25.52,34821.0,25.53,758.0,504003.0,48531.0,0.8243
90,30,2,SPNG,23.78,5625.0,23.69,26205.0,23.68,5625.0,23.46,123000.0,23.38,121900.0,23.93,134500.0,24.39,100482.0,24.43,564.0,24.44,139800.0,24.45,32120.0,282355.0,407466.0,-0.1814
93,33,2,WNTR,26.23,88500.0,26.21,3142.0,26.20,1885.0,26.19,90304.0,26.19,114800.0,26.25,2018.0,26.26,1211.0,26.27,9253.0,26.29,109800.0,26.35,98900.0,298631.0,221182.0,0.1490
93,33,2,SMMR,26.04,5486.0,26.03,3903.0,26.02,2602.0,25.94,102133.0,25.93,118000.0,26.06,123300.0,26.07,2996.0,26.08,1797.0,26.10,1198.0,26.11,75539.0,232124.0,204830.0,0.0625
93,33,2,ATMN,25.17,2637.0,25.16,102200.0,25.08,50800.0,25.07,2637.0,25.06,99700.0,25.19,130600.0,25.38,1245.0,25.40,747.0,25.44,498.0,25.52,2988.0,257974.0,136078.0,0.3093
93,33,2,SPNG,23.79,400.0,23.78,5625.0,23.68,5625.0,23.46,123000.0,23.38,121900.0,24.44,134716.0,24.45,32120.0,24.47,106700.0,24.47,98700.0,24.47,139900.0,256550.0,512136.0,-0.3325
96,36,2,WNTR,26.23,3200.0,26.23,86900.0,26.22,3142.0,26.21,1885.0,26.19,90304.0,26.26,1629.0,26.26,2018.0,26.27,9253.0,26.27,1211.0,26.28,94000.0,185431.0,108111.0,0.2634
96,36,2,SMMR,25.99,118700.0,25.90,99667.0,25.88,106300.0,25.85,97984.0,25.85,119200.0,26.01,9000.0,26.02,5400.0,26.03,3600.0,26.06,84263.0,26.06,97100.0,541851.0,199363.0,0.4621
96,36,2,ATMN,25.26,1828.0,25.24,1097.0,25.19,731.0,25.18,2637.0,25.16,102200.0,25.59,75336.0,25.67,36069.0,25.72,16440.0,25.73,88200.0,25.74,99200.0,108493.0,315245.0,-0.4879
96,36,2,SPNG,24.35,99400.0,24.35,1000.0,24.32,600.0,24.27,400.0,23.78,5625.0,24.44,134716.0,24.44,1000.0,24.45,32120.0,24.47,106700.0,24.47,98700.0,107025.0,373236.0,-0.5543
99,39,2,WNTR,26.19,39483.0,26.19,1256.0,26.16,81100.0,26.15,105500.0,26.14,19207.0,26.20,104600.0,26.26,107200.0,26.36,97300.0,26.36,94300.0,26.36,96800.0,246546.0,500200.0,-0.3397
99,39,2,SMMR,25.95,13100.0,25.93,24100.0,25.92,4002.0,25.90,99667.0,25.88,106300.0,26.04,2450.0,26.11,27602.0,26.12,122800.0,26.12,109800.0,26.14,89800.0,247169.0,352452.0,-0.1756
99,39,2,ATMN,25.09,49731.0,25.08,50800.0,25.06,99700.0,25.00,98256.0,24.98,130100.0,25.40,105400.0,25.63,21721.0,25.67,36069.0,25.72,16440.0,25.73,88200.0,428587.0,267830.0,0.2308
99,39,2,SPNG,23.46,36400.0,23.44,118700.0,23.38,121900.0,23.38,3549.0,23.31,113900.0,24.05,22072.0,24.44,44166.0,24.44,1000.0,24.45,32120.0,24.47,106700.0,394449.0,206058.0,0.3137
102,42,2,WNTR,26.33,63749.0,26.23,86400.0,26.19,39483.0,26.19,1256.0,26.16,81100.0,26.34,89300.0,26.35,4133.0,26.35,2969.0,26.36,97300.0,26.36,94300.0,271988.0,288002.0,-0.0286
102,42,2,SMMR,26.07,9600.0,26.01,106850.0,26.00,3830.0,25.95,13100.0,25.93,24100.0,26.12,60614.0,26.12,109800.0,26.14,89800.0,26.15,93300.0,26.16,127500.0,157480.0,481014.0,-0.5067
102,42,2,ATMN,25.39,3593.0,25.35,2600.0,25.18,5.0,25.09,49731.0,25.08,50800.0,25.40,91896.0,25.41,5625.0,25.43,88900.0,25.51,5625.0,25.63,21721.0,106729.0,213767.0,-0.3340
102,42,2,SPNG,23.83,111200.0,23.76,114000.0,23.74,5625.0,23.68,123800.0,23.64,5625.0,24.00,27272.0,24.17,5625.0,24.27,5625.0,24.42,4004.0,24.44,44166.0,360250.0,86692.0,0.6121
105,45,2,WNTR,26.16,81100.0,26.15,105500.0,26.14,19207.0,26.14,92900.0,26.12,88300.0,26.19,46617.0,26.24,87800.0,26.31,18600.0,26.32,43551.0,26.34,89300.0,387007.0,285868.0,0.1503
105,45,2,SMMR,25.90,95497.0,25.90,92800.0,25.89,111600.0,25.88,106300.0,25.85,97984.0,25.92,25818.0,26.09,3815.0,26.12,48614.0,26.14,89800.0,26.15,93300.0,504181.0,261347.0,0.3172
105,45,2,ATMN,25.10,2750.0,25.10,108600.0,25.09,49731.0,25.08,50800.0,25.06,99700.0,25.11,21423.0,25.39,5625.0,25.40,2496.0,25.43,88900.0,25.43,99600.0,311581.0,218044.0,0.1766
105,45,2,SPNG,23.74,5625.0,23.68,97250.0,23.64,5625.0,23.57,128500.0,23.55,102400.0,24.05,134800.0,24.17,2812.0,24.17,2813.0,24.27,2812.0,24.27,2813.0,339400.0,146050.0,0.3983
108,48,2,WNTR,26.33,113400.0,26.23,99400.0,26.19,114000.0,26.16,81100.0,26.15,105500.0,26.36,70868.0,26.36,94300.0,26.36,96800.0,26.36,106400.0,26.37,36330.0,513400.0,404698.0,0.1184
108,48,2,SMMR,25.93,21856.0,25.90,76097.0,25.89,111600.0,25.88,106300.0,25.85,97984.0,26.13,102100.0,26.15,47453.0,26.16,127500.0,26.17,104800.0,26.18,111600.0,413837.0,493453.0,-0.0878
108,48,2,ATMN,25.14,69690.0,25.14,3268.0,25.10,108600.0,25.09,49731.0,25.08,50800.0,25.17,12275.0,25.35,17200.0,25.40,5625.0,25.43,15722.0,25.43,99600.0,282089.0,150422.0,0.3044
108,48,2,SPNG,23.57,121999.0,23.55,102400.0,23.51,130900.0,23.48,126700.0,23.46,36400.0,24.26,11296.0,24.27,2812.0,24.27,2813.0,24.28,86122.0,24.44,44166.0,518399.0,147209.0,0.5577
111,51,2,WNTR,26.22,57300.0,26.19,114000.0,26.16,81100.0,26.15,105500.0,26.15,109000.0,26.30,17500.0,26.32,105500.0,26.36,70868.0,26.36,94300.0,26.36,96800.0,466900.0,384968.0,0.0962
111,51,2,SMMR,25.95,26100.0,25.95,93600.0,25.93,21856.0,25.93,2114.0,25.92,2256.0,26.06,93500.0,26.16,90253.0,26.17,104800.0,26.18,111600.0,26.19,121900.0,145926.0,522053.0,-0.5631
111,51,2,ATMN,25.17,5625.0,25.10,64176.0,25.10,2901.0,25.09,49731.0,25.08,50800.0,25.37,5581.0,25.47,5581.0,25.54,73491.0,25.54,1519.0,25.56,88800.0,173233.0,174972.0,-0.0050
111,51,2,SPNG,24.00,26200.0,23.57,118033.0,23.55,102400.0,23.51,130900.0,23.48,126700.0,24.11,3709.0,24.16,3219.0,24.18,5625.0,24.26,11296.0,24.26,116600.0,504233.0,140449.0,0.5643
114,54,2,WNTR,26.15,66600.0,26.15,109000.0,26.14,19207.0,26.14,92900.0,26.14,84500.0,26.19,93700.0,26.29,3689.0,26.29,4116.0,26.30,17500.0,26.32,105500.0,372207.0,224505.0,0.2475
114,54,2,SMMR,25.95,26100.0,25.95,93600.0,25.94,118900.0,25.93,21856.0,25.90,76097.0,26.02,50000.0,26.06,93500.0,26.13,3887.0,26.15,4211.0,26.16,90253.0,336553.0,241851.0,0.1637
114,54,2,ATMN,25.25,12800.0,25.18,5625.0,25.14,113700.0,25.11,27528.0,25.10,64176.0,25.41,2812.0,25.51,2812.0,25.56,68378.0,25.61,121300.0,25.63,21721.0,223829.0,217023.0,0.0154
114,54,2,SPNG,23.63,108091.0,23.57,118033.0,23.55,102400.0,23.51,130900.0,23.48,126700.0,24.26,11437.0,24.28,86122.0,24.29,121900.0,24.31,5625.0,24.44,44166.0,586124.0,269250.0,0.3705
117,57,2,WNTR,26.28,11702.0,26.27,109000.0,26.15,81000.0,26.14,19207.0,26.14,92900.0,26.36,91373.0,26.36,96800.0,26.36,106400.0,26.37,36330.0,26.39,102000.0,313809.0,432903.0,-0.1595
117,57,2,SMMR,26.01,23400.0,25.95,26100.0,25.95,93600.0,25.94,118900.0,25.93,21856.0,26.06,61100.0,26.15,2489.0,26.16,90253.0,26.16,2143.0,26.17,104800.0,283856.0,260785.0,0.0424
117,57,2,ATMN,25.09,49731.0,25.08,50800.0,25.06,99700.0,25.04,107200.0,25.02,88800.0,25.10,104846.0,25.56,2097.0,25.61,11303.0,25.63,21721.0,25.64,98700.0,396231.0,238667.0,0.2482
117,57,2,SPNG,23.60,106100.0,23.55,85995.0,23.51,130900.0,23.48,126700.0,23.46,36400.0,24.28,20805.0,24.29,121900.0,24.44,44166.0,24.45,32120.0,24.47,106700.0,486095.0,325691.0,0.1976
120,0,3,WNTR,24.48,100000.0,24.48,100000.0,,,,,,,,,,,,,,,,,200000.0,0,1.0000
120,0,3,SMMR,26.45,100000.0,26.45,100000.0,,,,,,,,,,,,,,,,,200000.0,0,1.0000
120,0,3,ATMN,24.44,100000.0,24.44,100000.0,,,,,,,,,,,,,,,,,200000.0,0,1.0000
120,0,3,SPNG,23.94,100000.0,23.94,100000.0,,,,,,,24.16,865.0,,,,,,,,,200000.0,865.0,0.9914
123,3,3,WNTR,24.39,79600.0,24.38,95700.0,24.22,116400.0,23.74,102100.0,23.67,113800.0,24.52,98700.0,24.62,700.0,24.73,112300.0,24.97,102400.0,25.04,122600.0,507600.0,436700.0,0.0751
123,3,3,SMMR,26.47,1900.0,26.41,86000.0,26.38,117500.0,26.38,111300.0,26.30,96500.0,26.60,68300.0,26.82,98900.0,26.82,110400.0,27.00,104500.0,27.06,94600.0,413200.0,476700.0,-0.0714
123,3,3,ATMN,23.84,123000.0,23.63,117400.0,23.58,112800.0,23.57,94100.0,23.18,113500.0,24.64,5500.0,24.68,110200.0,24.83,127900.0,27.11,108600.0,27.25,118200.0,560800.0,470400.0,0.0877
123,3,3,SPNG,23.71,110900.0,23.51,136800.0,22.94,105100.0,22.84,139600.0,22.65,101500.0,23.77,30500.0,24.04,132000.0,24.16,865.0,24.23,119300.0,24.28,105700.0,593900.0,388365.0,0.2092
126,6,3,WNTR,24.35,2500.0,24.34,1500.0,24.32,1000.0,24.32,104900.0,24.30,122000.0,24.41,1000.0,24.51,63500.0,24.52,98700.0,24.62,700.0,24.73,112300.0,231900.0,276200.0,-0.0872
126,6,3,SMMR,26.45,900.0,26.38,117500.0,26.38,111300.0,26.30,96500.0,26.25,101600.0,26.56,2850.0,26.56,1350.0,26.59,900.0,26.60,68300.0,26.82,98900.0,427800.0,172300.0,0.4258
126,6,3,ATMN,24.29,1961.0,24.28,109100.0,24.18,122000.0,24.11,117600.0,23.99,135500.0,24.36,116240.0,24.55,100410.0,24.59,5625.0,24.66,118400.0,24.68,110200.0,486161.0,450875.0,0.0377
126,6,3,SPNG,23.74,2651.0,23.74,5625.0,23.71,110900.0,23.68,107800.0,23.64,5625.0,24.04,62500.0,24.17,4569.0,24.23,119300.0,24.26,122500.0,24.28,105700.0,232601.0,414569.0,-0.2812
129,9,3,WNTR,24.68,7500.0,24.50,115700.0,24.38,30500.0,24.32,104900.0,24.30,122000.0,24.73,112300.0,24.97,102400.0,24.98,108700.0,25.04,122600.0,25.12,114800.0,380600.0,560800.0,-0.1914
129,9,3,SMMR,26.58,78900.0,26.41,3220.0,26.38,117500.0,26.38,111300.0,26.35,2571.0,26.81,98300.0,26.81,2250.0,26.82,98900.0,26.82,110400.0,26.83,1350.0,313491.0,311200.0,0.0037
129,9,3,ATMN,24.28,109100.0,24.18,122000.0,24.11,117600.0,24.00,3220.0,23.99,135500.0,24.64,110684.0,24.66,105581.0,24.66,390.0,24.67,5625.0,24.68,110200.0,487420.0,332480.0,0.1890
129,9,3,SPNG,23.77,21628.0,23.74,2651.0,23.71,110900.0,23.68,107800.0,23.61,98400.0,24.01,101200.0,24.05,1000.0,24.08,600.0,24.13,400.0,24.23,94869.0,341379.0,198069.0,0.2657
132,12,3,WNTR,24.62,82320.0,24.59,10880.0,24.55,1975.0,24.54,1185.0,24.52,790.0,24.63,74300.0,24.73,112300.0,24.73,111800.0,24.84,98700.0,24.86,91700.0,97150.0,488800.0,-0.6684
132,12,3,SMMR,26.25,81886.0,26.23,92400.0,26.21,123900.0,26.21,110900.0,26.04,105300.0,26.31,97785.0,26.42,3532.0,26.44,2119.0,26.47,1413.0,26.50,112900.0,514386.0,217749.0,0.4052
132,12,3,ATMN,24.11,115411.0,24.10,1500.0,24.08,900.0,24.04,600.0,23.99,135500.0,24.19,900.0,24.25,95200.0,24.43,95800.0,24.56,5625.0,24.58,105800.0,253911.0,303325.0,-0.0887
132,12,3,SPNG,23.88,128600.0,23.77,5625.0,23.71,39104.0,23.68,107800.0,23.67,5625.0,23.95,2813.0,24.05,2813.0,24.22,76519.0,24.26,122500.0,24.28,105700.0,286754.0,310345.0,-0.0395
135,15,3,WNTR,24.54,14138.0,24.41,103200.0,24.38,30500.0,24.32,104900.0,24.31,4104.0,24.56,1260.0,24.63,52000.0,24.73,112300.0,24.73,111800.0,24.73,91500.0,256842.0,368860.0,-0.1790
135,15,3,SMMR,26.35,1382.0,26.25,56473.0,26.23,92400.0,26.23,123500.0,26.21,123900.0,26.40,3406.0,26.60,19996.0,26.61,126200.0,26.76,4022.0,26.81,98300.0,397655.0,251924.0,0.2243
135,15,3,ATMN,24.00,3985.0,23.97,3482.0,23.92,117600.0,23.85,120900.0,23.84,123000.0,24.15,15109.0,24.49,1406.0,24.51,3985.0,24.54,90800.0,24.58,105800.0,368967.0,217100.0,0.2591
135,15,3,SPNG,24.00,133623.0,23.89,116000.0,23.88,128600.0,23.85,880.0,23.82,528.0,24.02,463.0,24.15,4634.0,24.22,5352.0,24.26,122500.0,24.28,105700.0,379631.0,238649.0,0.2280
138,18,3,WNTR,24.41,11700.0,24.38,30500.0,24.32,104900.0,24.32,115600.0,24.30,122000.0,24.66,82333.0,24.73,112300.0,24.73,111800.0,24.73,91500.0,24.75,105400.0,384700.0,503333.0,-0.1336
138,18,3,SMMR,26.24,28575.0,26.23,92400.0,26.23,123500.0,26.21,123900.0,26.21,110900.0,26.46,116100.0,26.47,3032.0,26.60,19996.0,26.61,126200.0,26.74,116300.0,479275.0,381628.0,0.1134
138,18,3,ATMN,24.25,25862.0,24.07,131500.0,23.92,117600.0,23.85,120900.0,23.84,123000.0,24.42,1320.0,24.44,792.0,24.48,528.0,24.52,115200.0,24.58,102521.0,518862.0,220361.0,0.4038
138,18,3,SPNG,23.92,1225.0,23.90,134400.0,23.89,735.0,23.88,4197.0,23.85,5625.0,24.04,498.0,24.09,332.0,24.13,14230.0,24.22,5352.0,24.26,122500.0,146182.0,142912.0,0.0113
141,21,3,WNTR,24.64,9634.0,24.64,2188.0,24.60,2865.0,24.52,3621.0,24.51,2172.0,24.69,106300.0,24.73,74784.0,24.73,111800.0,24.73,91500.0,24.73,106200.0,20480.0,490584.0,-0.9199
141,21,3,SMMR,26.42,1139.0,26.29,112395.0,26.24,28575.0,26.23,92400.0,26.23,123500.0,26.45,1345.0,26.51,1801.0,26.53,1080.0,26.56,720.0,26.61,75300.0,358009.0,80246.0,0.6338
141,21,3,ATMN,24.07,44884.0,24.06,5625.0,23.92,117600.0,23.85,120900.0,23.84,123000.0,24.10,84985.0,24.38,5625.0,24.43,1071.0,24.46,643.0,24.48,5625.0,412009.0,97949.0,0.6159
141,21,3,SPNG,23.81,5625.0,23.78,29341.0,23.78,110500.0,23.74,132500.0,23.73,129900.0,24.26,22393.0,24.26,122800.0,24.28,105700.0,24.31,116200.0,24.33,104900.0,407866.0,471993.0,-0.0729
144,24,3,WNTR,24.54,23348.0,24.36,1584.0,24.34,950.0,24.33,50173.0,24.32,104900.0,24.61,60625.0,24.69,106300.0,24.71,3706.0,24.73,74784.0,24.73,111800.0,180955.0,357215.0,-0.3275
144,24,3,SMMR,26.23,71766.0,26.23,123500.0,26.21,123900.0,26.21,110900.0,26.19,102200.0,26.46,118700.0,26.51,7700.0,26.58,90300.0,26.61,75300.0,26.74,116300.0,532266.0,408300.0,0.1318
144,24,3,ATMN,24.59,103300.0,24.48,132600.0,24.44,1500.0,24.41,900.0,24.38,600.0,24.64,6725.0,24.66,105581.0,24.68,110200.0,24.69,110200.0,24.70,126100.0,238900.0,458806.0,-0.3152
144,24,3,SPNG,23.84,2517.0,23.78,29341.0,23.78,110500.0,23.74,132500.0,23.73,129900.0,23.93,70255.0,24.04,124500.0,24.13,1000.0,24.16,600.0,24.17,2933.0,404758.0,199288.0,0.3402
147,27,3,WNTR,24.44,103200.0,24.42,1141.0,24.40,1811.0,24.32,41900.0,24.32,115600.0,24.66,113400.0,24.73,22097.0,24.73,111800.0,24.73,91500.0,24.73,106200.0,263652.0,444997.0,-0.2559
147,27,3,SMMR,26.48,107285.0,26.42,87905.0,26.41,2471.0,26.39,3263.0,26.34,1963.0,26.51,7700.0,26.56,106500.0,26.56,110200.0,26.58,90300.0,26.61,75300.0,202887.0,390000.0,-0.3156
147,27,3,ATMN,24.48,7094.0,24.46,853.0,24.35,114000.0,24.33,2504.0,24.19,5625.0,24.50,87287.0,24.59,1024.0,24.62,614.0,24.62,110400.0,24.64,6725.0,130076.0,206050.0,-0.2260
147,27,3,SPNG,23.78,29341.0,23.78,110500.0,23.76,114400.0,23.74,132500.0,23.73,129900.0,23.82,98389.0,24.06,1000.0,24.09,108353.0,24.24,3335.0,24.26,22393.0,516641.0,233470.0,0.3775
150,30,3,WNTR,24.56,1500.0,24.55,94800.0,24.54,58307.0,24.54,1000.0,24.44,103200.0,24.73,62365.0,24.73,106200.0,24.74,101300.0,24.75,105400.0,24.76,111200.0,258807.0,486465.0,-0.3055
150,30,3,SMMR,26.33,74520.0,26.32,2815.0,26.30,1689.0,26.28,112200.0,26.23,103416.0,26.36,111094.0,26.37,1825.0,26.39,1095.0,26.46,121100.0,26.47,87500.0,294640.0,322614.0,-0.0453
150,30,3,ATMN,24.41,24500.0,24.33,523.0,24.30,5625.0,24.20,5625.0,24.13,2343.0,24.50,77199.0,24.52,701.0,24.54,2226.0,24.62,110400.0,24.64,6725.0,38616.0,197251.0,-0.6726
150,30,3,SPNG,23.86,873.0,23.83,523.0,23.78,29341.0,23.78,110500.0,23.78,349.0,24.09,54051.0,24.09,5625.0,24.19,5625.0,24.26,22393.0,24.26,122800.0,141586.0,210494.0,-0.1957
153,33,3,WNTR,24.44,103200.0,24.32,41900.0,24.32,115600.0,24.31,94100.0,24.30,122000.0,24.53,21439.0,24.69,88900.0,24.69,2500.0,24.70,1500.0,24.72,1000.0,476800.0,115339.0,0.6104
153,33,3,SMMR,26.23,58351.0,26.21,123900.0,26.21,110900.0,26.19,102200.0,26.15,111700.0,26.45,15844.0,26.46,121100.0,26.47,87500.0,26.48,122200.0,26.51,7700.0,507051.0,354344.0,0.1773
153,33,3,ATMN,24.39,3390.0,24.17,1045.0,24.14,627.0,24.11,418.0,23.92,57112.0,24.50,77199.0,24.50,5625.0,24.60,5625.0,24.62,110400.0,24.64,6725.0,62592.0,205574.0,-0.5332
153,33,3,SPNG,24.09,1124.0,24.06,674.0,24.01,449.0,24.00,4232.0,24.00,3820.0,24.17,906.0,24.20,543.0,24.25,362.0,24.31,107663.0,24.33,104900.0,10299.0,214374.0,-0.9083
156,36,3,WNTR,24.64,50893.0,24.47,1950.0,24.46,1170.0,24.44,103200.0,24.44,780.0,24.73,65065.0,24.74,101300.0,24.74,111700.0,24.75,105400.0,24.76,111200.0,157993.0,494665.0,-0.5158
156,36,3,SMMR,26.33,1270.0,26.21,93432.0,26.21,110900.0,26.19,102200.0,26.15,111700.0,26.48,91154.0,26.50,87200.0,26.51,7700.0,26.52,88100.0,26.56,106500.0,419502.0,380654.0,0.0486
156,36,3,ATMN,24.28,79800.0,24.27,91100.0,24.26,1250.0,24.24,750.0,24.20,500.0,24.33,1833.0,24.35,1099.0,24.39,733.0,24.45,57900.0,24.49,5625.0,173400.0,67190.0,0.4415
156,36,3,SPNG,24.11,1166.0,23.98,1324.0,23.95,794.0,23.94,5624.0,23.94,1.0,24.12,1406.0,24.19,33615.0,24.20,122600.0,24.22,1406.0,24.31,107663.0,8909.0,266690.0,-0.9353
159,39,3,WNTR,24.68,102300.0,24.64,50893.0,24.58,101400.0,24.55,93600.0,24.47,1950.0,24.71,18498.0,24.73,123300.0,24.74,69765.0,24.74,111700.0,24.75,105400.0,350143.0,428663.0,-0.1008
159,39,3,SMMR,26.35,12175.0,26.33,1270.0,26.21,93432.0,26.21,110900.0,26.19,102200.0,26.50,57254.0,26.51,7700.0,26.52,88100.0,26.53,111400.0,26.55,106400.0,319977.0,370854.0,-0.0736
159,39,3,ATMN,24.37,1075.0,24.18,3800.0,24.15,108800.0,23.97,132400.0,23.91,49692.0,24.42,5625.0,24.45,70265.0,24.50,77199.0,24.52,5625.0,24.62,110400.0,295767.0,269114.0,0.0472
159,39,3,SPNG,23.76,19533.0,23.75,140300.0,23.75,113300.0,23.74,132500.0,23.73,129900.0,24.12,5625.0,24.22,5625.0,24.31,20459.0,24.31,140900.0,24.33,104900.0,535533.0,277509.0,0.3174
162,42,3,WNTR,24.68,60500.0,24.68,2952.0,24.67,2913.0,24.67,89800.0,24.64,50893.0,24.71,18498.0,24.71,122000.0,24.73,123300.0,24.74,69765.0,24.74,111700.0,207058.0,445263.0,-0.3652
162,42,3,SMMR,26.52,101600.0,26.35,12175.0,26.33,1270.0,26.29,2185.0,26.28,2022.0,26.53,64154.0,26.55,106400.0,26.56,106500.0,26.56,110200.0,26.58,90300.0,119252.0,477554.0,-0.6004
162,42,3,ATMN,24.36,350.0,24.31,111300.0,24.17,2813.0,24.15,18513.0,24.08,1291.0,24.37,3556.0,24.37,3339.0,24.40,5625.0,24.50,25939.0,24.50,5625.0,134267.0,44084.0,0.5056
162,42,3,SPNG,23.89,116100.0,23.84,5625.0,23.80,2552.0,23.77,2274.0,23.75,22949.0,23.92,132175.0,24.02,333.0,24.13,140500.0,24.14,5625.0,24.25,5625.0,149500.0,284258.0,-0.3107
165,45,3,WNTR,24.55,92658.0,24.55,106400.0,24.53,100600.0,24.53,97700.0,24.51,108800.0,24.60,4900.0,24.67,1761.0,24.69,1905.0,24.73,24598.0,24.74,69765.0,506158.0,102929.0,0.6620
165,45,3,SMMR,26.21,57714.0,26.21,110900.0,26.19,102200.0,26.15,111700.0,26.10,115000.0,26.39,2385.0,26.39,2066.0,26.53,64154.0,26.55,106400.0,26.56,106500.0,497514.0,281505.0,0.2773
165,45,3,ATMN,24.12,2813.0,24.02,2813.0,23.97,108029.0,23.91,49692.0,23.87,111600.0,24.50,23089.0,24.55,119500.0,24.58,107000.0,24.62,110400.0,24.64,6725.0,274947.0,366714.0,-0.1430
165,45,3,SPNG,24.06,114700.0,23.75,11081.0,23.75,113300.0,23.74,132500.0,23.73,129900.0,24.13,15782.0,24.13,5625.0,24.23,5625.0,24.25,126900.0,24.33,56459.0,501481.0,210391.0,0.4089
168,48,3,WNTR,24.58,110399.0,24.58,2643.0,24.57,86300.0,24.55,92658.0,24.55,106400.0,24.74,100463.0,24.75,105400.0,24.76,111200.0,24.76,103600.0,24.78,116300.0,398400.0,536963.0,-0.1481
168,48,3,SMMR,26.21,51914.0,26.19,102200.0,26.16,98800.0,26.15,111700.0,26.15,98100.0,26.24,109900.0,26.26,3066.0,26.26,3154.0,26.45,120600.0,26.49,119500.0,462714.0,356220.0,0.1300
168,48,3,ATMN,24.23,100300.0,24.18,96400.0,24.17,5625.0,24.10,13025.0,24.07,5625.0,24.30,21300.0,24.38,2812.0,24.38,2812.0,24.39,2910.0,24.42,2726.0,220975.0,32560.0,0.7432
168,48,3,SPNG,23.82,114200.0,23.78,135300.0,23.75,95581.0,23.74,132500.0,23.73,129900.0,24.13,15782.0,24.13,5625.0,24.13,120500.0,24.16,124300.0,24.23,5625.0,607481.0,271832.0,0.3817
171,51,3,WNTR,24.71,9400.0,24.58,2854.0,24.57,85599.0,24.55,92658.0,24.55,106400.0,24.72,90400.0,24.74,6063.0,24.75,105400.0,24.76,111200.0,24.76,103600.0,296911.0,416663.0,-0.1678
171,51,3,SMMR,26.26,112100.0,26.21,51914.0,26.19,102200.0,26.16,98800.0,26.15,111700.0,26.45,23056.0,26.47,117400.0,26.49,119500.0,26.50,98900.0,26.53,64154.0,476714.0,423010.0,0.0597
171,51,3,ATMN,24.18,40301.0,24.18,5625.0,24.12,108300.0,24.10,13025.0,24.08,5625.0,24.55,65677.0,24.58,107000.0,24.62,110400.0,24.64,6725.0,24.66,105581.0,172876.0,395383.0,-0.3916
171,51,3,SPNG,24.14,89279.0,23.93,5625.0,23.83,5625.0,23.82,114200.0,23.80,3177.0,24.19,38257.0,24.21,3231.0,24.24,2873.0,24.25,126900.0,24.33,56459.0,217906.0,227720.0,-0.0220
174,54,3,WNTR,24.67,87200.0,24.66,98300.0,24.57,4278.0,24.57,100600.0,24.56,104100.0,24.75,22104.0,24.76,111200.0,24.76,103600.0,24.78,116300.0,24.81,89800.0,394478.0,443004.0,-0.0579
174,54,3,SMMR,26.26,112100.0,26.21,51914.0,26.19,102200.0,26.16,98800.0,26.15,111700.0,26.35,120700.0,26.36,116200.0,26.36,123900.0,26.45,23056.0,26.47,117400.0,476714.0,501256.0,-0.0251
174,54,3,ATMN,24.29,4100.0,24.12,5625.0,24.02,5625.0,23.97,83720.0,23.96,94000.0,24.32,5625.0,24.42,3639.0,24.42,5625.0,24.46,3168.0,24.54,118700.0,193070.0,136757.0,0.1707
174,54,3,SPNG,23.89,2813.0,23.89,2387.0,23.79,2813.0,23.79,2387.0,23.75,95581.0,23.98,131982.0,24.13,850.0,24.19,38257.0,24.23,88.0,24.23,5537.0,105981.0,176714.0,-0.2502
177,57,3,WNTR,24.56,101718.0,24.55,92658.0,24.55,106400.0,24.53,100600.0,24.53,97700.0,24.70,107000.0,24.73,3847.0,24.73,4153.0,24.75,22104.0,24.76,111200.0,499076.0,248304.0,0.3355
177,57,3,SMMR,26.31,93200.0,26.26,112100.0,26.25,100400.0,26.25,3391.0,26.24,3467.0,26.35,87700.0,26.36,42600.0,26.39,86200.0,26.44,3293.0,26.45,23056.0,312558.0,242849.0,0.1255
177,57,3,ATMN,23.89,93173.0,23.87,111600.0,23.85,120900.0,23.84,123000.0,23.84,98500.0,24.45,55868.0,24.54,118700.0,24.55,65677.0,24.57,118200.0,24.58,107000.0,547173.0,465445.0,0.0807
177,57,3,SPNG,23.74,92232.0,23.73,129900.0,23.71,39104.0,23.71,105300.0,23.68,107800.0,24.06,96800.0,24.25,64074.0,24.33,56459.0,24.34,108200.0,24.36,102600.0,474336.0,428133.0,0.0512
180,0,4,WNTR,24.98,99515.0,24.98,100000.0,,,,,,,,,,,,,,,,,199515.0,0,1.0000
180,0,4,SMMR,23.95,100000.0,23.95,100000.0,,,,,,,26.35,1959.0,,,,,,,,,200000.0,1959.0,0.9806
180,0,4,ATMN,24.44,100000.0,24.44,100000.0,23.89,303.0,,,,,,,,,,,,,,,200303.0,0,1.0000
180,0,4,SPNG,25.69,100000.0,25.69,100000.0,23.77,1308.0,,,,,,,,,,,,,,,201308.0,0,1.0000
183,3,4,WNTR,24.84,108000.0,24.66,58115.0,24.50,104100.0,24.46,115200.0,24.20,114600.0,25.03,120400.0,25.08,93800.0,25.12,115200.0,25.22,114300.0,25.23,101600.0,500015.0,545300.0,-0.0433
183,3,4,SMMR,23.95,89900.0,23.87,99700.0,23.85,100300.0,23.85,101700.0,23.79,121700.0,23.96,127900.0,24.00,116100.0,24.06,114500.0,24.30,101700.0,24.50,108200.0,513300.0,568400.0,-0.0509
183,3,4,ATMN,23.81,107000.0,23.67,103200.0,22.00,114200.0,21.67,143500.0,21.64,130400.0,24.07,32900.0,24.64,37897.0,24.84,113000.0,24.96,112100.0,25.12,96300.0,598300.0,392197.0,0.2081
183,3,4,SPNG,25.69,65500.0,25.02,101200.0,24.43,117000.0,23.77,1308.0,22.10,111000.0,26.08,124600.0,26.26,125400.0,26.37,127000.0,26.55,97900.0,26.76,127700.0,396008.0,602600.0,-0.2069
186,6,4,WNTR,24.87,1500.0,24.85,1000.0,24.84,3000.0,24.80,109600.0,24.66,58115.0,24.88,99900.0,24.91,2500.0,24.92,1500.0,24.94,1000.0,24.95,54000.0,173215.0,158900.0,0.0431
186,6,4,SMMR,23.88,4800.0,23.85,104700.0,23.80,113300.0,23.79,94800.0,23.79,2250.0,24.00,105200.0,24.06,114500.0,24.30,101700.0,24.50,108200.0,24.70,117800.0,319850.0,547400.0,-0.2624
186,6,4,ATMN,24.19,86676.0,24.08,3356.0,23.96,3355.0,23.81,107000.0,23.79,122800.0,24.84,51548.0,24.96,112100.0,25.12,96300.0,25.24,123300.0,25.53,3355.0,323187.0,386603.0,-0.0893
186,6,4,SPNG,25.40,91700.0,25.38,109200.0,25.23,126500.0,25.21,99800.0,25.02,101200.0,25.57,22694.0,25.68,5625.0,25.78,5625.0,26.08,124600.0,26.26,125400.0,528400.0,283944.0,0.3009
189,9,4,WNTR,24.65,2065.0,24.64,1239.0,24.62,826.0,24.59,124100.0,24.57,57615.0,24.68,3080.0,24.70,1848.0,24.72,1232.0,24.78,16700.0,24.88,99900.0,185845.0,122760.0,0.2044
189,9,4,SMMR,23.85,14318.0,23.80,113300.0,23.80,106300.0,23.79,94800.0,23.74,120200.0,24.20,66784.0,24.30,101700.0,24.35,4110.0,24.50,108200.0,24.70,117800.0,448918.0,398594.0,0.0594
189,9,4,ATMN,24.39,92600.0,24.20,3356.0,23.81,57100.0,23.79,122800.0,23.67,103200.0,24.72,31400.0,24.79,5625.0,24.84,51548.0,24.85,100700.0,24.89,5625.0,379056.0,194898.0,0.3209
189,9,4,SPNG,25.63,5625.0,25.62,1000.0,25.59,600.0,25.54,400.0,25.53,5625.0,26.26,81950.0,26.32,3391.0,26.37,127000.0,26.55,97900.0,26.76,127700.0,13250.0,437941.0,-0.9413
192,12,4,WNTR,24.74,3152.0,24.74,92700.0,24.73,103140.0,24.73,1891.0,24.71,1260.0,24.77,2011.0,24.78,1206.0,24.80,804.0,24.84,85900.0,24.88,11500.0,202143.0,101421.0,0.3318
192,12,4,SMMR,24.08,40750.0,23.93,104150.0,23.88,50779.0,23.88,2250.0,23.87,1350.0,24.30,42325.0,24.50,108200.0,24.70,117800.0,24.73,103000.0,24.80,105700.0,199279.0,477025.0,-0.4107
192,12,4,ATMN,24.31,75432.0,23.96,102600.0,23.79,5597.0,23.67,103200.0,22.00,114200.0,24.79,5625.0,24.85,93973.0,24.89,5625.0,24.96,112100.0,25.05,115600.0,401029.0,332923.0,0.0928
192,12,4,SPNG,25.50,20850.0,25.49,1000.0,25.46,600.0,25.38,98150.0,25.38,117500.0,25.55,113400.0,25.56,1000.0,25.59,600.0,25.69,43900.0,25.69,5625.0,238100.0,164525.0,0.1827
195,15,4,WNTR,24.71,110300.0,24.68,2230.0,24.67,123900.0,24.66,3210.0,24.59,124100.0,24.72,26608.0,24.75,98779.0,24.87,752.0,24.88,11500.0,24.90,106100.0,363740.0,243739.0,0.1975
195,15,4,SMMR,24.11,2044.0,24.10,1226.0,24.07,817.0,24.05,137800.0,23.97,115400.0,24.16,2524.0,24.17,1514.0,24.20,1009.0,24.26,124000.0,24.30,6673.0,257287.0,135720.0,0.3093
195,15,4,ATMN,24.35,5365.0,24.35,260.0,24.25,5365.0,24.25,260.0,24.19,98476.0,24.68,10700.0,24.72,4944.0,24.82,4944.0,24.85,14409.0,24.85,1500.0,109726.0,36497.0,0.5008
195,15,4,SPNG,25.66,400.0,25.59,5625.0,25.50,18288.0,25.49,5625.0,25.48,111500.0,25.69,2119.0,25.69,1106.0,25.79,2313.0,25.79,1106.0,25.81,1000.0,141438.0,7644.0,0.8975
198,18,4,WNTR,24.96,18000.0,24.82,122200.0,24.81,3597.0,24.80,2158.0,24.78,1438.0,25.02,2768.0,25.03,1339.0,25.04,3530.0,25.08,93800.0,25.12,115200.0,147393.0,216637.0,-0.1902
198,18,4,SMMR,24.24,110289.0,24.05,15640.0,24.05,1224.0,24.03,115300.0,24.02,816.0,24.26,117176.0,24.30,6673.0,24.32,115900.0,24.37,119500.0,24.42,2062.0,243269.0,361311.0,-0.1952
198,18,4,ATMN,24.46,101200.0,24.35,1500.0,24.33,900.0,24.29,600.0,24.16,17086.0,24.48,600.0,24.52,127700.0,24.72,5625.0,24.73,18725.0,24.76,113700.0,121286.0,266350.0,-0.3742
198,18,4,SPNG,26.01,22944.0,26.00,1226.0,25.97,736.0,25.59,5625.0,25.49,5625.0,26.07,829.0,26.10,497.0,26.23,106000.0,26.32,118100.0,26.37,105268.0,36156.0,330694.0,-0.8029
201,21,4,WNTR,24.88,74073.0,24.71,106634.0,24.70,124000.0,24.70,2500.0,24.69,1500.0,25.03,1339.0,25.08,93800.0,25.09,112800.0,25.09,93500.0,25.12,115200.0,308707.0,416639.0,-0.1488
201,21,4,SMMR,24.03,126700.0,23.97,12276.0,23.88,47429.0,23.80,113300.0,23.80,106300.0,24.05,93756.0,24.14,2796.0,24.15,1677.0,24.26,117176.0,24.29,101300.0,406005.0,316705.0,0.1236
201,21,4,ATMN,24.46,1500.0,24.43,900.0,24.40,600.0,24.32,2813.0,24.32,2812.0,24.76,54106.0,24.80,90700.0,24.85,14409.0,24.88,94300.0,24.96,112100.0,8625.0,365615.0,-0.9539
201,21,4,SPNG,25.56,5625.0,25.46,5625.0,25.29,48693.0,25.26,104600.0,25.23,126500.0,25.80,5625.0,25.86,94000.0,25.90,5625.0,26.02,829.0,26.05,497.0,291043.0,106576.0,0.4639
204,24,4,WNTR,24.95,887.0,24.93,113100.0,24.71,106634.0,24.71,93900.0,24.70,124000.0,24.96,27762.0,25.02,2875.0,25.03,1724.0,25.04,3275.0,25.05,1150.0,438521.0,36786.0,0.8452
204,24,4,SMMR,24.25,15400.0,24.23,2250.0,23.97,8276.0,23.88,47429.0,23.80,113300.0,24.26,111289.0,24.29,101300.0,24.30,6673.0,24.32,115900.0,24.37,119500.0,186655.0,454662.0,-0.4179
204,24,4,ATMN,24.69,80588.0,24.32,25414.0,23.93,38277.0,23.79,5597.0,23.67,103200.0,24.70,5625.0,24.76,54106.0,24.80,90700.0,24.80,5625.0,24.85,14409.0,253076.0,170465.0,0.1950
204,24,4,SPNG,25.72,17900.0,25.66,802.0,25.63,481.0,25.59,320.0,25.56,5625.0,25.74,1263.0,25.77,758.0,25.81,127000.0,25.82,505.0,25.83,2812.0,25128.0,132338.0,-0.6808
207,27,4,WNTR,24.99,78334.0,24.87,81281.0,24.82,1553.0,24.81,932.0,24.80,121900.0,25.02,3062.0,25.04,3275.0,25.08,93800.0,25.09,112800.0,25.09,93500.0,284000.0,306437.0,-0.0380
207,27,4,SMMR,23.92,24256.0,23.90,130300.0,23.88,47429.0,23.80,113300.0,23.80,106300.0,24.07,3262.0,24.08,1957.0,24.11,1304.0,24.12,105500.0,24.14,115100.0,421585.0,227123.0,0.2998
207,27,4,ATMN,24.15,1195.0,24.12,717.0,24.09,478.0,24.08,133300.0,23.93,38277.0,24.61,57671.0,24.62,5625.0,24.73,5625.0,24.76,18944.0,24.80,90700.0,173967.0,178565.0,-0.0130
207,27,4,SPNG,25.63,19069.0,25.56,200.0,25.46,200.0,25.35,112600.0,25.26,42043.0,25.82,5225.0,25.92,5625.0,26.00,1000.0,26.03,600.0,26.08,400.0,174112.0,12850.0,0.8625
210,30,4,WNTR,24.93,5301.0,24.81,103100.0,24.80,121900.0,24.80,1931.0,24.79,1159.0,25.00,3790.0,25.03,106700.0,25.04,3275.0,25.07,3623.0,25.08,93800.0,233391.0,211188.0,0.0499
210,30,4,SMMR,24.06,76341.0,24.05,853.0,24.03,512.0,24.00,341.0,23.90,17956.0,24.09,4111.0,24.11,2467.0,24.12,9977.0,24.12,94800.0,24.13,1644.0,96003.0,112999.0,-0.0813
210,30,4,ATMN,24.27,1500.0,24.24,900.0,24.08,133300.0,24.05,135100.0,24.00,103800.0,24.33,1500.0,24.52,29529.0,24.67,5625.0,24.77,5625.0,24.80,66865.0,374600.0,109144.0,0.5488
210,30,4,SPNG,25.83,108177.0,25.71,3234.0,25.66,1000.0,25.65,2646.0,25.63,600.0,25.92,3.0,26.00,123900.0,26.00,126200.0,26.01,3374.0,26.12,112800.0,115657.0,366277.0,-0.5200
213,33,4,WNTR,24.92,89700.0,24.90,2500.0,24.89,1500.0,24.80,99291.0,24.78,99700.0,24.93,2500.0,24.94,1500.0,25.03,52281.0,25.03,1950.0,25.04,3275.0,292691.0,61506.0,0.6527
213,33,4,SMMR,23.98,103205.0,23.93,108300.0,23.91,136800.0,23.91,1443.0,23.90,17956.0,23.99,20718.0,23.99,1330.0,24.01,2160.0,24.01,2235.0,24.11,124000.0,367704.0,150443.0,0.4193
213,33,4,ATMN,24.34,2812.0,24.24,2812.0,24.18,128500.0,24.08,133300.0,24.05,135100.0,24.62,5625.0,24.69,97354.0,24.70,600.0,24.73,5625.0,24.80,66865.0,402524.0,176069.0,0.3914
213,33,4,SPNG,25.58,1000.0,25.57,97572.0,25.55,600.0,25.54,5625.0,25.50,400.0,25.64,2376.0,25.66,1000.0,25.67,2303.0,25.69,600.0,25.72,33721.0,105197.0,40000.0,0.4490
216,36,4,WNTR,24.88,1000.0,24.87,82700.0,24.84,31300.0,24.81,108300.0,24.80,99291.0,24.90,15000.0,24.94,2500.0,24.95,1500.0,24.97,1000.0,25.01,15700.0,322591.0,35700.0,0.8007
216,36,4,SMMR,24.05,1909.0,24.02,1272.0,24.00,3282.0,23.98,103205.0,23.93,108300.0,24.06,44697.0,24.09,2500.0,24.11,124000.0,24.11,1551.0,24.12,9977.0,217968.0,182725.0,0.0880
216,36,4,ATMN,24.54,1802.0,24.53,128900.0,24.52,1081.0,24.50,132700.0,24.48,721.0,24.65,12947.0,24.67,509.0,24.73,2812.0,24.80,66369.0,24.85,14409.0,265204.0,97046.0,0.4642
216,36,4,SPNG,25.67,1000.0,25.64,600.0,25.59,400.0,25.57,97572.0,25.56,95800.0,25.75,1000.0,25.78,600.0,25.83,400.0,25.84,2602.0,25.85,52400.0,195372.0,57002.0,0.5483
219,39,4,WNTR,24.95,56729.0,24.87,82700.0,24.87,2022.0,24.86,1213.0,24.86,2954.0,25.01,12612.0,25.01,91000.0,25.06,54006.0,25.06,118200.0,25.08,93800.0,145618.0,369618.0,-0.4348
219,39,4,SMMR,23.93,108300.0,23.93,1043.0,23.91,136800.0,23.90,17956.0,23.88,47429.0,24.06,18723.0,24.06,792.0,24.08,2525.0,24.09,2500.0,24.11,124000.0,311528.0,148540.0,0.3543
219,39,4,ATMN,24.60,3890.0,24.53,64201.0,24.51,875.0,24.50,132700.0,24.49,5625.0,24.67,703.0,24.70,20219.0,24.74,2496.0,24.76,3223.0,24.77,703.0,207291.0,27344.0,0.7669
219,39,4,SPNG,25.59,106900.0,25.54,5625.0,25.51,134000.0,25.49,98432.0,25.44,5625.0,25.69,3946.0,25.70,2865.0,25.75,1000.0,25.78,600.0,25.82,2813.0,350582.0,11224.0,0.9380
222,42,4,WNTR,25.01,45553.0,24.87,82700.0,24.87,2022.0,24.86,1213.0,24.86,85600.0,25.04,114600.0,25.06,54006.0,25.06,118200.0,25.08,93800.0,25.08,98200.0,217088.0,478806.0,-0.3761
222,42,4,SMMR,24.09,3601.0,24.04,2809.0,24.00,2809.0,23.93,108300.0,23.93,1043.0,24.11,121515.0,24.12,9977.0,24.12,94800.0,24.12,100900.0,24.14,115100.0,118562.0,442292.0,-0.5772
222,42,4,ATMN,24.51,5625.0,24.41,70881.0,24.41,5625.0,24.41,3473.0,24.39,94800.0,24.58,3909.0,24.66,3909.0,24.66,2813.0,24.68,129400.0,24.76,2813.0,180404.0,142844.0,0.1162
222,42,4,SPNG,25.56,5625.0,25.51,26166.0,25.49,98432.0,25.46,5625.0,25.37,117800.0,25.81,91512.0,25.81,129800.0,25.83,2812.0,25.93,2812.0,25.98,79137.0,253648.0,306073.0,-0.0937
225,45,4,WNTR,25.01,82500.0,24.87,82700.0,24.86,85600.0,24.86,108700.0,24.84,31300.0,25.06,53141.0,25.06,118200.0,25.08,93800.0,25.08,98200.0,25.09,112800.0,390800.0,476141.0,-0.0984
225,45,4,SMMR,23.91,102400.0,23.90,17956.0,23.88,47429.0,23.87,134000.0,23.85,115700.0,23.97,96200.0,24.11,121515.0,24.12,9977.0,24.12,94800.0,24.12,100900.0,417485.0,423392.0,-0.0070
225,45,4,ATMN,24.51,5625.0,24.43,4034.0,24.42,134200.0,24.42,3741.0,24.41,70881.0,24.84,120500.0,24.86,21253.0,24.88,94300.0,24.96,112100.0,24.99,122500.0,218481.0,470653.0,-0.3659
225,45,4,SPNG,25.52,3005.0,25.44,45985.0,25.42,3005.0,25.37,117800.0,25.37,118100.0,25.71,94400.0,25.84,2620.0,25.84,3005.0,25.94,2620.0,25.94,3005.0,287895.0,105650.0,0.4631
228,48,4,WNTR,25.06,759.0,24.83,78600.0,24.81,108300.0,24.80,99291.0,24.78,99700.0,25.08,93800.0,25.08,98200.0,25.09,112800.0,25.09,93500.0,25.10,119700.0,386650.0,518000.0,-0.1452
228,48,4,SMMR,23.89,13456.0,23.88,47429.0,23.87,134000.0,23.86,100800.0,23.85,115700.0,23.95,107500.0,24.04,30100.0,24.10,2855.0,24.11,121515.0,24.12,9977.0,411385.0,271947.0,0.2041
228,48,4,ATMN,24.77,109636.0,24.53,5625.0,24.52,10941.0,24.52,3280.0,24.43,5625.0,24.78,102000.0,24.80,703.0,24.80,2461.0,24.84,120500.0,24.86,21253.0,135107.0,246917.0,-0.2927
228,48,4,SPNG,25.48,120900.0,25.44,45985.0,25.44,126200.0,25.43,133000.0,25.42,4.0,25.83,2841.0,25.93,5625.0,25.98,79137.0,26.00,123900.0,26.00,126200.0,426089.0,337703.0,0.1157
231,51,4,WNTR,24.78,99700.0,24.77,102400.0,24.75,99000.0,24.74,119000.0,24.74,104400.0,24.79,12374.0,25.08,84741.0,25.08,98200.0,25.09,112800.0,25.09,93500.0,524500.0,401615.0,0.1327
231,51,4,SMMR,23.95,24800.0,23.91,3028.0,23.89,13456.0,23.88,47429.0,23.88,3901.0,24.11,15919.0,24.12,9977.0,24.12,94800.0,24.12,100900.0,24.14,115100.0,92614.0,336696.0,-0.5685
231,51,4,ATMN,24.57,12900.0,24.55,5625.0,24.54,131900.0,24.52,10941.0,24.45,5625.0,24.61,4985.0,24.65,3041.0,24.70,25.0,24.74,3515.0,24.78,102000.0,166991.0,113566.0,0.1904
231,51,4,SPNG,25.44,45373.0,25.44,126200.0,25.43,133000.0,25.37,117800.0,25.37,118100.0,25.71,10000.0,25.83,2841.0,25.91,2858.0,25.93,5625.0,25.95,107700.0,540473.0,129024.0,0.6146
234,54,4,WNTR,24.78,99700.0,24.77,102400.0,24.75,99000.0,24.74,119000.0,24.74,104400.0,25.00,805.0,25.04,116200.0,25.04,90900.0,25.08,84741.0,25.08,98200.0,524500.0,390846.0,0.1460
234,54,4,SMMR,23.87,99580.0,23.86,100800.0,23.85,115700.0,23.84,136200.0,23.83,136700.0,23.94,100800.0,23.95,35800.0,24.11,15919.0,24.11,3266.0,24.12,9977.0,588980.0,165762.0,0.5607
234,54,4,ATMN,24.56,99300.0,24.54,2908.0,24.45,135300.0,24.44,3558.0,24.44,2908.0,24.68,101200.0,24.70,12.0,24.70,2813.0,24.70,2800.0,24.78,17142.0,243974.0,123967.0,0.3262
234,54,4,SPNG,25.59,13679.0,25.57,4233.0,25.47,4233.0,25.44,45373.0,25.44,126200.0,25.71,90600.0,25.83,5625.0,25.93,5625.0,25.95,22998.0,25.98,79137.0,193718.0,203985.0,-0.0258
237,57,4,WNTR,24.94,85300.0,24.92,91400.0,24.90,92000.0,24.88,104400.0,24.78,99700.0,24.96,108100.0,25.00,805.0,25.04,116200.0,25.04,90900.0,25.06,99300.0,472800.0,415305.0,0.0647
237,57,4,SMMR,24.08,100134.0,24.06,104500.0,24.02,2877.0,23.88,100400.0,23.86,3492.0,24.11,15919.0,24.12,9977.0,24.12,94800.0,24.12,100900.0,24.14,115100.0,311403.0,336696.0,-0.0390
237,57,4,ATMN,24.45,5736.0,24.43,94900.0,24.42,134200.0,24.41,70881.0,24.41,115400.0,24.66,2760.0,24.71,22192.0,24.76,3526.0,24.84,36314.0,24.86,21253.0,421117.0,86045.0,0.6607
237,57,4,SPNG,25.73,65882.0,25.37,117800.0,25.37,118100.0,25.35,112600.0,25.26,42043.0,25.87,100500.0,25.95,22998.0,25.95,112200.0,25.98,79137.0,25.98,114200.0,456425.0,429035.0,0.0309
240,0,5,WNTR,23.48,100000.0,23.48,100000.0,,,,,,,24.98,674.0,,,,,,,,,200000.0,674.0,0.9933
240,0,5,SMMR,26.20,100000.0,26.20,100000.0,,,,,,,,,,,,,,,,,200000.0,0,1.0000
240,0,5,ATMN,25.32,90700.0,24.81,103000.0,23.98,132800.0,22.32,114400.0,22.04,113200.0,26.64,87200.0,26.93,93600.0,27.43,91200.0,29.01,112600.0,29.09,99700.0,554100.0,484300.0,0.0672
240,0,5,SPNG,23.44,100000.0,23.44,100000.0,23.20,144500.0,22.76,132100.0,21.98,126400.0,24.64,126000.0,24.83,100600.0,25.74,115500.0,25.79,107700.0,25.85,123900.0,603000.0,573700.0,0.0249
243,3,5,WNTR,23.48,91000.0,23.35,124900.0,22.88,98400.0,22.81,91300.0,22.80,106900.0,23.56,36500.0,23.63,121100.0,23.83,113200.0,23.90,89800.0,24.11,109100.0,512500.0,469700.0,0.0436
243,3,5,SMMR,25.26,102400.0,25.21,70100.0,25.16,103000.0,25.13,132700.0,24.96,100100.0,25.40,94200.0,25.81,100100.0,25.99,99100.0,26.24,113200.0,26.69,116000.0,508300.0,522600.0,-0.0139
243,3,5,ATMN,25.30,92100.0,24.88,124100.0,24.81,103000.0,24.74,104600.0,24.60,125800.0,25.35,31500.0,25.51,120600.0,25.84,118700.0,26.64,87200.0,26.93,93600.0,549600.0,451600.0,0.0979
243,3,5,SPNG,23.52,58400.0,23.20,144500.0,22.76,132100.0,21.98,126400.0,21.74,107600.0,23.84,113100.0,23.89,116800.0,23.93,113900.0,24.01,139200.0,24.20,137500.0,569000.0,620500.0,-0.0433
246,6,5,WNTR,23.39,2500.0,23.38,1500.0,23.38,121100.0,23.36,1000.0,23.35,25500.0,23.42,2500.0,23.43,1500.0,23.45,114800.0,23.45,1000.0,23.63,41600.0,151600.0,161400.0,-0.0313
246,6,5,SMMR,26.23,12700.0,26.21,2898.0,26.20,1738.0,26.05,12100.0,25.86,115500.0,26.24,113200.0,26.26,1763.0,26.27,1058.0,26.29,120500.0,26.33,108600.0,144936.0,345121.0,-0.4085
246,6,5,ATMN,25.51,5625.0,25.41,5625.0,25.30,104100.0,24.88,113152.0,24.81,103000.0,25.53,1494.0,25.56,21513.0,25.60,114100.0,25.63,1494.0,25.82,90700.0,331502.0,229301.0,0.1822
246,6,5,SPNG,23.28,140814.0,23.22,5625.0,23.20,87738.0,23.12,5625.0,22.88,143200.0,23.36,1.0,23.80,122200.0,23.84,113100.0,23.89,116800.0,23.93,113900.0,383002.0,466001.0,-0.0978
249,9,5,WNTR,23.42,101300.0,23.39,82000.0,23.38,121100.0,23.37,93600.0,23.37,131300.0,23.55,105300.0,23.63,41600.0,23.63,1750.0,23.64,1050.0,23.66,700.0,529300.0,150400.0,0.5575
249,9,5,SMMR,26.09,1426.0,26.06,128100.0,26.05,12100.0,26.01,110700.0,25.87,99000.0,26.16,76299.0,26.23,120800.0,26.24,113200.0,26.29,120500.0,26.31,113400.0,351326.0,544199.0,-0.2154
249,9,5,ATMN,25.31,65139.0,25.23,129200.0,25.05,3805.0,25.01,3650.0,24.88,113152.0,25.35,111200.0,25.52,5625.0,25.53,1096.0,25.56,657.0,25.59,438.0,314946.0,119016.0,0.4515
249,9,5,SPNG,23.29,122500.0,23.28,3512.0,23.28,5625.0,23.20,87738.0,23.18,5625.0,23.49,99000.0,23.80,48717.0,23.80,479.0,23.84,113100.0,23.89,116800.0,225000.0,378096.0,-0.2539
252,12,5,WNTR,23.42,101300.0,23.39,82000.0,23.39,113100.0,23.38,121100.0,23.37,93600.0,23.54,87900.0,23.68,77924.0,23.83,113200.0,23.90,89800.0,24.11,109100.0,511100.0,477924.0,0.0335
252,12,5,SMMR,26.07,1350.0,26.06,128100.0,26.05,12100.0,26.04,900.0,26.01,110700.0,26.08,126450.0,26.22,51194.0,26.23,23200.0,26.24,113200.0,26.29,120500.0,253150.0,434544.0,-0.2638
252,12,5,ATMN,24.98,3805.0,24.96,109700.0,24.88,113152.0,24.87,96700.0,24.81,103000.0,25.18,85179.0,25.40,1500.0,25.43,900.0,25.46,600.0,25.52,5624.0,426357.0,93803.0,0.6393
252,12,5,SPNG,23.46,729.0,23.43,437.0,23.38,291.0,23.29,122500.0,23.29,5625.0,23.51,6779.0,23.53,1361.0,23.56,816.0,23.60,544.0,23.80,4491.0,129582.0,13991.0,0.8051
255,15,5,WNTR,23.61,1725.0,23.60,2875.0,23.60,2733.0,23.59,1725.0,23.57,1150.0,23.63,104400.0,23.69,104660.0,23.83,113200.0,23.90,89800.0,23.95,1087.0,10208.0,413147.0,-0.9518
255,15,5,SMMR,26.14,102000.0,26.13,3433.0,26.11,2060.0,26.09,1373.0,26.06,128100.0,26.21,544.0,26.29,27441.0,26.31,113400.0,26.32,104000.0,26.33,108600.0,236966.0,353985.0,-0.1980
255,15,5,ATMN,25.23,80193.0,25.11,94372.0,25.10,128300.0,24.96,109700.0,24.88,113152.0,25.35,108900.0,25.49,1500.0,25.50,5625.0,25.51,900.0,25.60,5625.0,525717.0,122550.0,0.6219
255,15,5,SPNG,23.17,106687.0,23.07,139600.0,22.98,104700.0,22.88,143200.0,22.79,121800.0,23.75,2812.0,23.84,101100.0,23.85,2812.0,23.93,101210.0,24.01,139200.0,615987.0,347134.0,0.2791
258,18,5,WNTR,23.72,15652.0,23.61,87496.0,23.46,93100.0,23.42,101300.0,23.39,82000.0,23.78,100753.0,23.82,1651.0,23.83,110731.0,23.83,990.0,23.85,660.0,379548.0,214785.0,0.2772
258,18,5,SMMR,26.24,2793.0,26.22,116556.0,26.21,3196.0,26.20,87600.0,26.14,102000.0,26.30,104054.0,26.31,113400.0,26.32,104000.0,26.33,108600.0,26.34,106500.0,312145.0,536554.0,-0.2644
258,18,5,ATMN,25.27,5625.0,25.23,80193.0,25.16,5625.0,25.11,94372.0,25.10,128300.0,25.58,93472.0,25.66,92300.0,25.70,87400.0,25.71,1500.0,25.73,900.0,314115.0,275572.0,0.0654
258,18,5,SPNG,23.59,101500.0,23.41,1000.0,23.41,2898.0,23.38,600.0,23.36,101683.0,23.62,5625.0,23.73,5625.0,23.84,101100.0,23.89,2911.0,23.93,101210.0,207681.0,216471.0,-0.0207
261,21,5,WNTR,23.67,2821.0,23.64,2973.0,23.61,67261.0,23.46,93100.0,23.42,101300.0,23.75,108911.0,23.79,1128.0,23.83,110731.0,23.86,109300.0,23.86,3529.0,267455.0,333599.0,-0.1100
261,21,5,SMMR,26.14,65517.0,26.13,3411.0,26.11,2046.0,26.08,118200.0,26.08,1364.0,26.30,2896.0,26.31,113400.0,26.32,104000.0,26.33,108600.0,26.34,106500.0,190538.0,435396.0,-0.3912
261,21,5,ATMN,25.41,77926.0,25.23,113748.0,25.19,2813.0,25.12,103400.0,25.12,94900.0,25.42,5625.0,25.52,5625.0,25.58,93472.0,25.66,92300.0,25.70,87400.0,392787.0,284422.0,0.1600
261,21,5,SPNG,23.72,1000.0,23.69,2800.0,23.69,600.0,23.64,400.0,23.46,131000.0,23.79,1000.0,23.82,11341.0,23.82,600.0,23.84,101100.0,23.84,122200.0,135800.0,236241.0,-0.2700
264,24,5,WNTR,23.60,52942.0,23.60,948.0,23.58,632.0,23.53,99500.0,23.47,2987.0,23.65,2235.0,23.67,24509.0,23.67,1490.0,23.69,87600.0,23.73,3873.0,157009.0,119707.0,0.1348
264,24,5,SMMR,26.27,90684.0,26.26,3409.0,26.24,2045.0,26.21,1363.0,26.14,65517.0,26.30,2896.0,26.30,1380.0,26.31,113400.0,26.31,828.0,26.32,104000.0,163018.0,222504.0,-0.1543
264,24,5,ATMN,25.55,97700.0,25.25,5625.0,25.23,96912.0,25.15,5625.0,25.12,103400.0,25.66,65084.0,25.70,87400.0,25.74,121000.0,25.82,44925.0,25.84,118700.0,309262.0,437109.0,-0.1713
264,24,5,SPNG,23.26,3374.0,23.21,122296.0,23.17,106687.0,23.13,126200.0,23.07,139600.0,23.27,125852.0,23.53,113700.0,23.54,2251.0,23.54,3374.0,23.61,907.0,498157.0,246084.0,0.3387
267,27,5,WNTR,23.64,2500.0,23.62,83165.0,23.56,2806.0,23.56,3097.0,23.53,61922.0,23.66,107500.0,23.69,30388.0,23.70,3873.0,23.71,3094.0,23.75,108911.0,153490.0,253766.0,-0.2462
267,27,5,SMMR,26.15,7612.0,26.14,65517.0,26.14,112000.0,26.14,111600.0,26.13,4567.0,26.32,26433.0,26.33,108600.0,26.33,101500.0,26.33,110500.0,26.34,106500.0,301296.0,453533.0,-0.2017
267,27,5,ATMN,25.67,101835.0,25.52,1334.0,25.49,800.0,25.46,533.0,25.23,69837.0,25.70,70631.0,25.72,93400.0,25.73,98500.0,25.74,121000.0,25.75,92900.0,174339.0,476431.0,-0.4642
267,27,5,SPNG,23.49,140499.0,23.41,774.0,23.38,464.0,23.36,2812.0,23.33,309.0,23.51,780.0,23.54,5625.0,23.55,520.0,23.59,37276.0,23.64,2251.0,144858.0,46452.0,0.5144
270,30,5,WNTR,23.53,29854.0,23.46,93100.0,23.44,100400.0,23.42,101300.0,23.42,124900.0,23.60,3789.0,23.61,2273.0,23.63,1515.0,23.66,107500.0,23.67,100600.0,449554.0,215677.0,0.3516
270,30,5,SMMR,26.21,1026.0,26.19,684.0,26.14,82029.0,26.14,111600.0,26.12,88000.0,26.23,123889.0,26.27,2968.0,26.29,1780.0,26.29,89000.0,26.31,1187.0,283339.0,218824.0,0.1285
270,30,5,ATMN,25.55,129000.0,25.53,2089.0,25.51,1253.0,25.47,835.0,25.45,113517.0,25.57,12400.0,25.59,1058.0,25.61,634.0,25.73,65924.0,25.74,121000.0,246694.0,201016.0,0.1020
270,30,5,SPNG,23.36,5625.0,23.26,5625.0,23.21,27119.0,23.17,106687.0,23.13,126200.0,23.84,111295.0,23.93,101210.0,24.01,139200.0,24.04,101200.0,24.09,130200.0,271256.0,583105.0,-0.3650
273,33,5,WNTR,23.49,2500.0,23.48,3290.0,23.48,1500.0,23.47,3765.0,23.46,93100.0,23.52,2500.0,23.53,3901.0,23.53,1500.0,23.66,83996.0,23.67,100600.0,104155.0,192497.0,-0.2978
273,33,5,SMMR,26.14,22236.0,26.12,88000.0,26.12,94500.0,26.12,102100.0,26.10,91500.0,26.21,91000.0,26.32,95900.0,26.33,64599.0,26.33,110500.0,26.34,106500.0,398336.0,468499.0,-0.0809
273,33,5,ATMN,25.45,65538.0,25.44,5625.0,25.43,4266.0,25.34,5625.0,25.32,90700.0,25.62,15568.0,25.62,854.0,25.64,512.0,25.67,341.0,25.68,4386.0,171754.0,21661.0,0.7760
273,33,5,SPNG,23.36,5625.0,23.33,1000.0,23.30,600.0,23.26,5625.0,23.26,400.0,23.38,7950.0,23.41,1000.0,23.44,600.0,23.48,400.0,23.66,3553.0,13250.0,13503.0,-0.0095
276,36,5,WNTR,23.57,4714.0,23.49,2500.0,23.47,1500.0,23.46,93100.0,23.46,1000.0,23.62,24500.0,23.67,47571.0,23.69,30388.0,23.75,108911.0,23.83,110731.0,102814.0,322101.0,-0.5161
276,36,5,SMMR,26.30,86221.0,26.20,2651.0,26.19,1590.0,26.16,1060.0,26.12,79896.0,26.33,70799.0,26.34,106500.0,26.34,121700.0,26.36,119700.0,26.36,101300.0,171418.0,519999.0,-0.5042
276,36,5,ATMN,25.43,1500.0,25.40,102584.0,25.40,900.0,25.38,2812.0,25.37,600.0,25.49,1500.0,25.50,120700.0,25.51,95939.0,25.51,900.0,25.53,3915.0,108396.0,222954.0,-0.3457
276,36,5,SPNG,23.09,136935.0,23.07,139600.0,22.99,135600.0,22.98,104700.0,22.92,125400.0,23.16,55878.0,23.70,2812.0,23.70,889.0,23.80,2812.0,24.04,32499.0,642235.0,94890.0,0.7425
279,39,5,WNTR,23.48,4284.0,23.45,18914.0,23.45,3174.0,23.44,100400.0,23.42,101300.0,23.58,31947.0,23.75,106305.0,23.80,113000.0,23.83,110731.0,23.85,109600.0,228072.0,471583.0,-0.3480
279,39,5,SMMR,26.26,425.0,26.25,100500.0,26.21,87000.0,26.18,113400.0,26.15,3561.0,26.34,62023.0,26.34,121700.0,26.35,95900.0,26.36,119700.0,26.36,101300.0,304886.0,500623.0,-0.2430
279,39,5,ATMN,25.42,5625.0,25.32,67683.0,25.32,5625.0,25.27,3092.0,25.25,3925.0,25.73,17123.0,25.74,121000.0,25.75,92900.0,25.76,125500.0,25.77,3315.0,85950.0,359838.0,-0.6144
279,39,5,SPNG,23.49,75006.0,23.36,5005.0,23.34,1959.0,23.26,5005.0,23.09,136935.0,23.70,5625.0,23.80,5625.0,24.01,3732.0,24.03,2811.0,24.04,32499.0,223910.0,50292.0,0.6332
282,42,5,WNTR,23.51,105800.0,23.45,18914.0,23.44,100400.0,23.42,101300.0,23.42,124900.0,23.53,3700.0,23.65,15447.0,23.75,106305.0,23.79,1827.0,23.80,113000.0,451314.0,240279.0,0.3051
282,42,5,SMMR,26.21,42807.0,26.18,94560.0,26.18,102300.0,26.12,58155.0,26.12,102100.0,26.27,2972.0,26.32,101300.0,26.34,62023.0,26.34,121700.0,26.35,95900.0,399922.0,383895.0,0.0204
282,42,5,ATMN,25.33,126600.0,25.30,116300.0,25.15,32463.0,25.12,103400.0,25.12,94900.0,25.56,5625.0,25.66,5625.0,25.73,17123.0,25.74,121000.0,25.75,92900.0,473663.0,242273.0,0.3232
282,42,5,SPNG,23.37,139200.0,23.36,5005.0,23.36,620.0,23.34,1959.0,23.26,5005.0,23.52,2314.0,23.70,63591.0,23.71,3432.0,23.81,3432.0,24.04,32499.0,151789.0,105268.0,0.1810
285,45,5,WNTR,23.46,98900.0,23.45,18914.0,23.44,100400.0,23.43,126800.0,23.42,101300.0,23.80,38252.0,23.83,110731.0,23.85,109600.0,23.86,109300.0,23.87,126500.0,446314.0,494383.0,-0.0511
285,45,5,SMMR,26.18,41367.0,26.18,102300.0,26.12,58155.0,26.12,102100.0,26.11,102900.0,26.23,99144.0,26.25,111600.0,26.33,3186.0,26.34,74167.0,26.34,2996.0,406822.0,291093.0,0.1658
285,45,5,ATMN,25.32,5625.0,25.30,71170.0,25.22,5625.0,25.15,32463.0,25.12,103400.0,25.51,2813.0,25.61,2813.0,25.67,115100.0,25.73,17123.0,25.74,121000.0,218283.0,258849.0,-0.0850
285,45,5,SPNG,23.10,128900.0,23.09,136935.0,23.07,139600.0,23.04,107500.0,23.03,138600.0,23.19,105400.0,23.70,63591.0,23.71,3432.0,23.71,2193.0,23.81,3432.0,651535.0,178048.0,0.5708
288,48,5,WNTR,23.66,61800.0,23.47,2935.0,23.46,98900.0,23.46,3703.0,23.45,18914.0,23.69,4700.0,23.70,110900.0,23.75,114100.0,23.80,38252.0,23.83,110731.0,186252.0,378683.0,-0.3406
288,48,5,SMMR,26.18,41367.0,26.18,102300.0,26.14,3246.0,26.14,2491.0,26.12,58155.0,26.25,644.0,26.29,3194.0,26.29,2469.0,26.30,96800.0,26.32,111300.0,207559.0,214407.0,-0.0162
288,48,5,ATMN,25.59,112801.0,25.33,5625.0,25.30,71170.0,25.27,116100.0,25.23,5625.0,25.68,115201.0,25.75,49508.0,25.75,105400.0,25.76,125500.0,25.77,126700.0,311321.0,522309.0,-0.2531
288,48,5,SPNG,23.31,128800.0,23.09,62960.0,23.07,139600.0,23.04,107500.0,23.03,138600.0,23.60,7300.0,23.71,5625.0,23.81,5625.0,24.06,103740.0,24.09,130200.0,577460.0,252490.0,0.3916
291,51,5,WNTR,23.54,121000.0,23.46,82679.0,23.45,18914.0,23.44,100400.0,23.43,126800.0,23.64,700.0,23.69,4700.0,23.70,110900.0,23.73,2192.0,23.74,1847.0,449793.0,120339.0,0.5779
291,51,5,SMMR,26.24,2403.0,26.22,10911.0,26.18,41367.0,26.18,102300.0,26.12,58155.0,26.32,6617.0,26.34,74167.0,26.35,95900.0,26.36,119700.0,26.36,101300.0,215136.0,397684.0,-0.2979
291,51,5,ATMN,25.55,113054.0,25.31,5625.0,25.31,97500.0,25.30,66383.0,25.27,116100.0,25.64,2812.0,25.68,115201.0,25.70,92100.0,25.74,2812.0,25.75,49508.0,398662.0,262433.0,0.2061
291,51,5,SPNG,23.30,2812.0,23.20,2812.0,23.09,7760.0,23.07,139600.0,23.04,107500.0,23.73,5625.0,23.79,30825.0,23.83,5625.0,24.06,103740.0,24.06,1814.0,260484.0,147629.0,0.2765
294,54,5,WNTR,23.55,3208.0,23.54,121000.0,23.46,82679.0,23.46,2363.0,23.45,18914.0,23.59,12600.0,23.62,126800.0,23.65,189.0,23.65,129800.0,23.68,3657.0,228164.0,273046.0,-0.0895
294,54,5,SMMR,26.21,12543.0,26.18,41367.0,26.18,102300.0,26.18,87300.0,26.12,58155.0,26.32,6617.0,26.34,74167.0,26.35,95900.0,26.36,119700.0,26.36,101300.0,301665.0,397684.0,-0.1373
294,54,5,ATMN,25.20,57549.0,25.20,1406.0,25.19,130900.0,25.15,32463.0,25.15,3658.0,25.27,109094.0,25.61,4218.0,25.61,1407.0,25.68,35804.0,25.70,92100.0,225976.0,242623.0,-0.0355
294,54,5,SPNG,23.44,36000.0,23.27,2812.0,23.19,94900.0,23.17,2812.0,23.09,7760.0,23.62,116400.0,23.73,2824.0,23.75,5312.0,23.75,313.0,23.79,30825.0,144284.0,155674.0,-0.0380
297,57,5,WNTR,23.55,3882.0,23.54,121000.0,23.51,106500.0,23.46,82679.0,23.45,18914.0,23.56,111198.0,23.65,10089.0,23.70,2700.0,23.75,114100.0,23.77,113800.0,332975.0,351887.0,-0.0276
297,57,5,SMMR,26.24,58963.0,26.22,112500.0,26.18,57510.0,26.18,87300.0,26.14,3058.0,26.35,54467.0,26.36,119700.0,26.36,101300.0,26.36,115500.0,26.36,104100.0,319331.0,495067.0,-0.2158
297,57,5,ATMN,25.21,117500.0,25.20,57549.0,25.19,130900.0,25.15,32463.0,25.13,105700.0,25.37,11137.0,25.57,128800.0,25.68,35804.0,25.70,92100.0,25.72,110600.0,444112.0,378441.0,0.0798
297,57,5,SPNG,23.44,102500.0,23.40,124200.0,23.19,20575.0,23.15,3145.0,23.14,99500.0,23.62,16900.0,23.67,118200.0,23.79,30825.0,23.81,117400.0,23.91,3417.0,349920.0,286742.0,0.0992
300,0,6,WNTR,,,,,,,,,,,,,,,,,,,,,0,0,0.0000
300,0,6,SMMR,,,,,,,,,,,,,,,,,,,,,0,0,0.0000
300,0,6,ATMN,,,,,,,,,,,,,,,,,,,,,0,0,0.0000
300,0,6,SPNG,,,,,,,,,,,,,,,,,,,,,0,0,0.0000
