tick,second_in_day,day,ticker,bid,ask,mid,spread,last_price,volume
2,2,1,SPNG,24.93,25.23,25.0800,0.3000,25.23,561700.0
2,2,1,SMMR,24.92,25.02,24.9700,0.1000,24.92,255600.0
2,2,1,ATMN,24.77,25.27,25.0200,0.5000,24.77,486500.0
2,2,1,WNTR,25.00,25.01,25.0050,0.0100,25.00,205900.0
3,3,1,SPNG,24.93,25.23,25.0800,0.3000,25.23,561700.0
3,3,1,SMMR,24.92,25.02,24.9700,0.1000,24.92,255600.0
3,3,1,ATMN,24.74,24.76,24.7500,0.0200,24.77,607800.0
3,3,1,WNTR,25.00,25.01,25.0050,0.0100,25.01,326800.0
4,4,1,SPNG,25.05,25.18,25.1150,0.1300,25.05,696200.0
4,4,1,SMMR,24.92,25.02,24.9700,0.1000,24.92,255600.0
4,4,1,ATMN,24.81,24.93,24.8700,0.1200,24.76,698900.0
4,4,1,WNTR,24.94,25.05,24.9950,0.1100,25.05,616200.0
5,5,1,SPNG,25.05,25.15,25.1000,0.1000,25.05,707274.0
5,5,1,SMMR,24.98,25.00,24.9900,0.0200,24.98,474300.0
5,5,1,ATMN,24.81,24.89,24.8500,0.0800,24.81,709974.0
5,5,1,WNTR,24.94,25.01,24.9750,0.0700,24.94,852400.0
6,6,1,SPNG,24.49,25.08,24.7850,0.5900,24.49,1001555.0
6,6,1,SMMR,24.94,25.00,24.9700,0.0600,24.94,581600.0
6,6,1,ATMN,24.84,24.93,24.8850,0.0900,24.93,907148.0
6,6,1,WNTR,25.06,25.13,25.0950,0.0700,25.06,858600.0
7,7,1,SPNG,24.68,24.70,24.6900,0.0200,24.70,1008951.0
7,7,1,SMMR,24.94,24.97,24.9550,0.0300,24.92,682100.0
7,7,1,ATMN,25.04,25.06,25.0500,0.0200,25.15,998048.0
7,7,1,WNTR,25.08,25.11,25.0950,0.0300,24.94,969800.0
8,8,1,SPNG,24.71,25.18,24.9450,0.4700,25.18,1290641.0
8,8,1,SMMR,25.00,25.01,25.0050,0.0100,25.01,786047.0
8,8,1,ATMN,25.14,25.21,25.1750,0.0700,25.12,1149129.0
8,8,1,WNTR,24.86,25.14,25.0000,0.2800,25.14,1107967.0
9,9,1,SPNG,24.67,25.08,24.8750,0.4100,24.64,1414241.0
9,9,1,SMMR,24.99,25.00,24.9950,0.0100,25.04,1037547.0
9,9,1,ATMN,25.14,25.21,25.1750,0.0700,25.14,1151395.0
9,9,1,WNTR,24.98,25.02,25.0000,0.0400,25.14,1107967.0
10,10,1,SPNG,24.91,24.93,24.9200,0.0200,24.64,1414241.0
10,10,1,SMMR,24.92,25.00,24.9600,0.0800,24.92,1229247.0
10,10,1,ATMN,25.10,25.21,25.1550,0.1100,25.10,1368035.0
10,10,1,WNTR,24.82,24.87,24.8450,0.0500,24.87,1213769.0
11,11,1,SPNG,24.87,24.88,24.8750,0.0100,24.91,1509141.0
11,11,1,SMMR,24.96,24.99,24.9750,0.0300,25.04,1323947.0
11,11,1,ATMN,25.07,25.21,25.1400,0.1400,25.07,1620148.0
11,11,1,WNTR,24.81,24.84,24.8250,0.0300,24.93,1432469.0
12,12,1,SPNG,24.97,24.98,24.9750,0.0100,24.93,1525141.0
12,12,1,SMMR,24.91,25.04,24.9750,0.1300,24.91,1540647.0
12,12,1,ATMN,24.81,24.89,24.8500,0.0800,24.89,1761975.0
12,12,1,WNTR,24.98,25.14,25.0600,0.1600,24.91,1670611.0
13,13,1,SPNG,24.97,25.03,25.0000,0.0600,25.13,1638341.0
13,13,1,SMMR,24.91,25.00,24.9550,0.0900,24.91,1540647.0
13,13,1,ATMN,24.85,24.89,24.8700,0.0400,24.84,1769931.0
13,13,1,WNTR,24.97,24.98,24.9750,0.0100,24.98,1762669.0
14,14,1,SPNG,24.97,25.05,25.0100,0.0800,25.13,1638341.0
14,14,1,SMMR,24.94,25.07,25.0050,0.1300,25.07,1735247.0
14,14,1,ATMN,24.85,24.89,24.8700,0.0400,24.89,1769966.0
14,14,1,WNTR,24.80,24.98,24.8900,0.1800,24.80,1861569.0
15,15,1,SPNG,25.10,25.11,25.1050,0.0100,25.06,1933685.0
15,15,1,SMMR,24.97,25.02,24.9950,0.0500,24.90,1921447.0
15,15,1,ATMN,24.82,24.89,24.8550,0.0700,24.90,1982866.0
15,15,1,WNTR,24.69,24.77,24.7300,0.0800,24.80,1963178.0
16,16,1,SPNG,24.82,24.93,24.8750,0.1100,25.00,1946301.0
16,16,1,SMMR,25.06,25.07,25.0650,0.0100,24.91,2050702.0
16,16,1,ATMN,24.82,24.89,24.8550,0.0700,24.82,2074066.0
16,16,1,WNTR,24.72,25.04,24.8800,0.3200,25.04,2191478.0
17,17,1,SPNG,24.77,24.78,24.7750,0.0100,24.82,1952326.0
17,17,1,SMMR,25.06,25.08,25.0700,0.0200,25.08,2171302.0
17,17,1,ATMN,24.74,24.87,24.8050,0.1300,24.74,2312166.0
17,17,1,WNTR,24.69,24.79,24.7400,0.1000,24.87,2506578.0
18,18,1,SPNG,24.77,24.78,24.7750,0.0100,24.78,1969069.0
18,18,1,SMMR,25.02,25.04,25.0300,0.0200,25.04,2303871.0
18,18,1,ATMN,24.81,24.84,24.8250,0.0300,24.69,2566766.0
18,18,1,WNTR,24.78,25.12,24.9500,0.3400,25.12,2596990.0
19,19,1,SPNG,24.77,24.78,24.7750,0.0100,24.78,1971321.0
19,19,1,SMMR,25.02,25.04,25.0300,0.0200,25.02,2395783.0
19,19,1,ATMN,24.70,24.79,24.7450,0.0900,24.79,2751395.0
19,19,1,WNTR,24.72,24.80,24.7600,0.0800,24.87,2696690.0
20,20,1,SPNG,24.81,24.83,24.8200,0.0200,24.93,2073421.0
20,20,1,SMMR,24.89,24.90,24.8950,0.0100,24.90,2510276.0
20,20,1,ATMN,24.69,24.76,24.7250,0.0700,24.64,2856595.0
20,20,1,WNTR,24.74,24.78,24.7600,0.0400,24.87,2696690.0
21,21,1,SPNG,24.77,24.87,24.8200,0.1000,24.77,2197721.0
21,21,1,SMMR,24.89,25.08,24.9850,0.1900,24.89,2850576.0
21,21,1,ATMN,24.64,24.77,24.7050,0.1300,24.64,3077795.0
21,21,1,WNTR,24.72,24.89,24.8050,0.1700,24.72,2920102.0
22,22,1,SPNG,24.77,24.93,24.8500,0.1600,24.77,2298121.0
22,22,1,SMMR,25.06,25.08,25.0700,0.0200,25.01,2975092.0
22,22,1,ATMN,24.63,24.74,24.6850,0.1100,24.93,3293495.0
22,22,1,WNTR,24.79,24.90,24.8450,0.1100,24.90,3129402.0
23,23,1,SPNG,24.76,25.02,24.8900,0.2600,25.02,2486421.0
23,23,1,SMMR,25.06,25.08,25.0700,0.0200,25.01,2975092.0
23,23,1,ATMN,24.72,24.83,24.7750,0.1100,24.94,3423795.0
23,23,1,WNTR,24.76,24.97,24.8650,0.2100,24.76,3258502.0
24,24,1,SPNG,24.77,24.82,24.7950,0.0500,24.75,2593821.0
24,24,1,SMMR,25.06,25.08,25.0700,0.0200,25.06,3093492.0
24,24,1,ATMN,24.74,24.81,24.7750,0.0700,25.06,3536195.0
24,24,1,WNTR,24.83,24.86,24.8450,0.0300,24.69,3470202.0
25,25,1,SPNG,24.77,24.90,24.8350,0.1300,24.73,2790121.0
25,25,1,SMMR,25.08,25.09,25.0850,0.0100,25.08,3167180.0
25,25,1,ATMN,24.74,24.98,24.8600,0.2400,25.06,3742395.0
25,25,1,WNTR,24.69,24.83,24.7600,0.1400,24.69,3596102.0
26,26,1,SPNG,24.77,25.02,24.8950,0.2500,25.13,2906021.0
26,26,1,SMMR,25.08,25.11,25.0950,0.0300,25.11,3400380.0
26,26,1,ATMN,24.86,24.87,24.8650,0.0100,24.87,3745678.0
26,26,1,WNTR,24.77,24.91,24.8400,0.1400,25.01,3691640.0
27,27,1,SPNG,24.79,24.95,24.8700,0.1600,24.65,3002721.0
27,27,1,SMMR,25.09,25.12,25.1050,0.0300,25.12,3611280.0
27,27,1,ATMN,24.80,24.81,24.8050,0.0100,24.81,3951998.0
27,27,1,WNTR,24.87,24.91,24.8900,0.0400,24.91,3801940.0
28,28,1,SPNG,25.03,25.04,25.0350,0.0100,25.03,3015640.0
28,28,1,SMMR,25.06,25.13,25.0950,0.0700,25.06,3916480.0
28,28,1,ATMN,24.77,24.81,24.7900,0.0400,24.81,3951998.0
28,28,1,WNTR,24.93,25.07,25.0000,0.1400,25.07,4010640.0
29,29,1,SPNG,24.65,24.66,24.6550,0.0100,24.66,3133503.0
29,29,1,SMMR,25.08,25.11,25.0950,0.0300,25.06,3916480.0
29,29,1,ATMN,24.76,24.81,24.7850,0.0500,24.81,4053898.0
29,29,1,WNTR,24.97,24.98,24.9750,0.0100,25.07,4010640.0
30,30,1,SPNG,25.11,25.12,25.1150,0.0100,25.02,3148229.0
30,30,1,SMMR,25.08,25.10,25.0900,0.0200,25.05,4017280.0
30,30,1,ATMN,24.84,24.89,24.8650,0.0500,24.93,4141898.0
30,30,1,WNTR,24.89,24.99,24.9400,0.1000,24.89,4138040.0
31,31,1,SPNG,24.77,24.93,24.8500,0.1600,25.11,3218203.0
31,31,1,SMMR,25.12,25.13,25.1250,0.0100,25.12,4027260.0
31,31,1,ATMN,24.87,24.95,24.9100,0.0800,24.98,4250486.0
31,31,1,WNTR,24.87,25.07,24.9700,0.2000,25.07,4415091.0
32,32,1,SPNG,24.80,24.91,24.8550,0.1100,24.77,3221603.0
32,32,1,SMMR,25.05,25.08,25.0650,0.0300,25.08,4265576.0
32,32,1,ATMN,24.76,24.93,24.8450,0.1700,24.76,4445586.0
32,32,1,WNTR,24.77,24.92,24.8450,0.1500,24.77,4636591.0
33,33,1,SPNG,24.84,24.95,24.8950,0.1100,25.08,3503556.0
33,33,1,SMMR,25.05,25.14,25.0950,0.0900,25.14,4509376.0
33,33,1,ATMN,24.86,24.91,24.8850,0.0500,24.86,4554286.0
33,33,1,WNTR,24.83,24.86,24.8450,0.0300,24.96,4751691.0
34,34,1,SPNG,24.96,25.02,24.9900,0.0600,24.90,3635230.0
34,34,1,SMMR,25.01,25.02,25.0150,0.0100,25.05,4674526.0
34,34,1,ATMN,24.91,24.93,24.9200,0.0200,24.91,4557099.0
34,34,1,WNTR,24.84,24.85,24.8450,0.0100,24.83,4851976.0
35,35,1,SPNG,25.10,25.12,25.1100,0.0200,25.10,3637248.0
35,35,1,SMMR,25.15,25.16,25.1550,0.0100,25.15,4768769.0
35,35,1,ATMN,24.87,24.93,24.9000,0.0600,25.02,4750999.0
35,35,1,WNTR,24.83,24.86,24.8450,0.0300,24.83,4975976.0
36,36,1,SPNG,24.96,25.02,24.9900,0.0600,24.96,3735765.0
36,36,1,SMMR,25.15,25.17,25.1600,0.0200,25.17,4962069.0
36,36,1,ATMN,24.94,25.03,24.9850,0.0900,24.94,4852395.0
36,36,1,WNTR,24.92,24.96,24.9400,0.0400,24.92,5084839.0
37,37,1,SPNG,24.79,24.80,24.7950,0.0100,24.80,3897355.0
37,37,1,SMMR,25.15,25.19,25.1700,0.0400,25.19,5300969.0
37,37,1,ATMN,24.99,25.02,25.0050,0.0300,24.99,4969404.0
37,37,1,WNTR,25.01,25.07,25.0400,0.0600,25.01,5331339.0
38,38,1,SPNG,24.65,24.81,24.7300,0.1600,24.65,4131455.0
38,38,1,SMMR,25.01,25.20,25.1050,0.1900,25.20,5532220.0
38,38,1,ATMN,24.76,24.85,24.8050,0.0900,24.85,5146578.0
38,38,1,WNTR,25.03,25.07,25.0500,0.0400,25.03,5450039.0
39,39,1,SPNG,24.81,24.85,24.8300,0.0400,24.81,4168771.0
39,39,1,SMMR,25.18,25.20,25.1900,0.0200,25.13,5644165.0
39,39,1,ATMN,24.89,24.92,24.9050,0.0300,24.89,5179761.0
39,39,1,WNTR,24.89,25.01,24.9500,0.1200,25.01,5525452.0
40,40,1,SPNG,24.81,24.83,24.8200,0.0200,24.81,4168771.0
40,40,1,SMMR,25.00,25.06,25.0300,0.0600,25.16,5724056.0
40,40,1,ATMN,24.89,25.05,24.9700,0.1600,25.05,5513361.0
40,40,1,WNTR,24.85,24.97,24.9100,0.1200,24.77,5645252.0
41,41,1,SPNG,24.96,25.02,24.9900,0.0600,25.06,4305691.0
41,41,1,SMMR,25.14,25.20,25.1700,0.0600,25.07,5753225.0
41,41,1,ATMN,24.93,24.99,24.9600,0.0600,25.02,5517500.0
41,41,1,WNTR,24.77,24.79,24.7800,0.0200,24.82,5861452.0
42,42,1,SPNG,24.79,25.01,24.9000,0.2200,24.64,4510291.0
42,42,1,SMMR,25.17,25.19,25.1800,0.0200,25.19,5861025.0
42,42,1,ATMN,24.93,25.02,24.9750,0.0900,25.02,5691200.0
42,42,1,WNTR,24.81,24.85,24.8300,0.0400,24.89,5980552.0
43,43,1,SPNG,24.90,25.06,24.9800,0.1600,24.90,4728491.0
43,43,1,SMMR,25.16,25.17,25.1650,0.0100,24.99,5978725.0
43,43,1,ATMN,24.90,25.05,24.9750,0.1500,25.05,5908500.0
43,43,1,WNTR,24.96,24.97,24.9650,0.0100,24.96,6111218.0
44,44,1,SPNG,24.63,25.06,24.8450,0.4300,24.63,4833891.0
44,44,1,SMMR,25.03,25.09,25.0600,0.0600,25.20,6217385.0
44,44,1,ATMN,24.95,25.05,25.0000,0.1000,25.05,5908500.0
44,44,1,WNTR,24.91,24.95,24.9300,0.0400,24.89,6308118.0
45,45,1,SPNG,24.78,25.01,24.8950,0.2300,25.15,4927391.0
45,45,1,SMMR,25.07,25.09,25.0800,0.0200,25.09,6316404.0
45,45,1,ATMN,24.95,24.97,24.9600,0.0200,24.95,6118400.0
45,45,1,WNTR,24.99,25.02,25.0050,0.0300,24.85,6553418.0
46,46,1,SPNG,24.67,24.94,24.8050,0.2700,24.63,5156291.0
46,46,1,SMMR,25.01,25.09,25.0500,0.0800,25.01,6427385.0
46,46,1,ATMN,24.92,24.97,24.9450,0.0500,24.97,6306100.0
46,46,1,WNTR,25.04,25.12,25.0800,0.0800,25.12,6662618.0
47,47,1,SPNG,24.79,24.88,24.8350,0.0900,25.06,5342591.0
47,47,1,SMMR,25.01,25.04,25.0250,0.0300,25.04,6519385.0
47,47,1,ATMN,24.87,25.02,24.9450,0.1500,24.87,6527200.0
47,47,1,WNTR,25.04,25.09,25.0650,0.0500,25.12,6662618.0
48,48,1,SPNG,24.81,25.04,24.9250,0.2300,25.19,5552991.0
48,48,1,SMMR,25.03,25.04,25.0350,0.0100,25.20,6635385.0
48,48,1,ATMN,24.92,25.02,24.9700,0.1000,25.07,6640200.0
48,48,1,WNTR,24.89,24.98,24.9350,0.0900,24.89,6917173.0
49,49,1,SPNG,24.57,25.26,24.9150,0.6900,24.57,5907191.0
49,49,1,SMMR,24.99,25.04,25.0150,0.0500,24.99,6754285.0
49,49,1,ATMN,24.89,24.91,24.9000,0.0200,24.87,6742469.0
49,49,1,WNTR,24.89,24.98,24.9350,0.0900,24.77,7039273.0
50,50,1,SPNG,24.57,24.67,24.6200,0.1000,24.67,5929689.0
50,50,1,SMMR,24.99,25.04,25.0150,0.0500,24.99,6754285.0
50,50,1,ATMN,24.91,24.96,24.9350,0.0500,24.91,6831500.0
50,50,1,WNTR,24.89,24.98,24.9350,0.0900,24.89,7135673.0
51,51,1,SPNG,24.94,25.03,24.9850,0.0900,24.93,6030183.0
51,51,1,SMMR,24.99,25.04,25.0150,0.0500,24.99,6754285.0
51,51,1,ATMN,25.03,25.07,25.0500,0.0400,25.03,6857063.0
51,51,1,WNTR,24.89,24.96,24.9250,0.0700,25.01,7229273.0
52,52,1,SPNG,24.81,25.07,24.9400,0.2600,25.14,6214289.0
52,52,1,SMMR,24.99,25.03,25.0100,0.0400,25.13,6987285.0
52,52,1,ATMN,24.93,24.94,24.9350,0.0100,24.94,6968867.0
52,52,1,WNTR,24.89,24.99,24.9400,0.1000,25.05,7346373.0
53,53,1,SPNG,25.14,25.17,25.1550,0.0300,25.14,6249682.0
53,53,1,SMMR,25.01,25.03,25.0200,0.0200,24.97,7102885.0
53,53,1,ATMN,24.91,25.02,24.9650,0.1100,24.91,7213625.0
53,53,1,WNTR,24.91,24.93,24.9200,0.0200,24.85,7435573.0
54,54,1,SPNG,24.93,25.06,24.9950,0.1300,25.14,6320289.0
54,54,1,SMMR,25.01,25.06,25.0350,0.0500,24.97,7102885.0
54,54,1,ATMN,24.90,25.12,25.0100,0.2200,25.12,7528525.0
54,54,1,WNTR,24.83,24.93,24.8800,0.1000,24.83,7536773.0
55,55,1,SPNG,24.81,25.06,24.9350,0.2500,25.14,6320289.0
55,55,1,SMMR,25.04,25.10,25.0700,0.0600,24.97,7102885.0
55,55,1,ATMN,24.91,25.04,24.9750,0.1300,24.83,7642225.0
55,55,1,WNTR,24.87,24.93,24.9000,0.0600,24.93,7638373.0
56,56,1,SPNG,24.56,24.63,24.5950,0.0700,24.72,6432466.0
56,56,1,SMMR,25.05,25.11,25.0800,0.0600,24.97,7102885.0
56,56,1,ATMN,25.08,25.13,25.1050,0.0500,25.13,7738339.0
56,56,1,WNTR,24.83,24.88,24.8550,0.0500,24.88,7950673.0
57,57,1,SPNG,24.56,24.58,24.5700,0.0200,24.94,6541166.0
57,57,1,SMMR,25.06,25.13,25.0950,0.0700,25.13,7228085.0
57,57,1,ATMN,25.08,25.09,25.0850,0.0100,25.08,7840839.0
57,57,1,WNTR,25.04,25.08,25.0600,0.0400,25.00,8064026.0
58,58,1,SPNG,24.57,24.58,24.5750,0.0100,24.94,6541166.0
58,58,1,SMMR,25.04,25.13,25.0850,0.0900,25.04,7340485.0
58,58,1,ATMN,24.75,25.09,24.9200,0.3400,24.75,8083339.0
58,58,1,WNTR,24.83,24.95,24.8900,0.1200,25.00,8077601.0
59,59,1,SPNG,24.57,24.58,24.5750,0.0100,24.94,6541166.0
59,59,1,SMMR,25.04,25.08,25.0600,0.0400,25.04,7340485.0
59,59,1,ATMN,24.75,25.07,24.9100,0.3200,25.07,8300039.0
59,59,1,WNTR,24.83,24.86,24.8450,0.0300,24.86,8272001.0
60,0,2,SPNG,24.14,0.00,0.0000,0.0000,24.59,6632311.0
60,0,2,SMMR,25.08,25.22,25.1500,0.1400,25.04,7340485.0
60,0,2,ATMN,24.65,25.26,24.9550,0.6100,24.74,8417839.0
60,0,2,WNTR,23.94,25.46,24.7000,1.5200,25.09,8463401.0
61,1,2,SPNG,24.14,24.27,24.2050,0.1300,24.14,6821111.0
61,1,2,SMMR,25.57,25.71,25.6400,0.1400,25.04,7340485.0
61,1,2,ATMN,24.65,25.07,24.8600,0.4200,24.65,8514739.0
61,1,2,WNTR,23.94,24.02,23.9800,0.0800,24.02,8569101.0
62,2,2,SPNG,24.14,24.27,24.2050,0.1300,24.14,6821111.0
62,2,2,SMMR,25.08,25.17,25.1250,0.0900,25.57,7446285.0
62,2,2,ATMN,23.77,24.56,24.1650,0.7900,24.65,8617839.0
62,2,2,WNTR,23.94,23.95,23.9450,0.0100,24.02,8569101.0
63,3,2,SPNG,23.74,24.27,24.0050,0.5300,23.53,6928411.0
63,3,2,SMMR,25.08,25.16,25.1200,0.0800,25.08,7550385.0
63,3,2,ATMN,24.48,24.56,24.5200,0.0800,24.65,8617839.0
63,3,2,WNTR,24.09,24.24,24.1650,0.1500,24.02,8849801.0
64,4,2,SPNG,24.20,24.27,24.2350,0.0700,23.53,6928411.0
64,4,2,SMMR,25.08,25.10,25.0900,0.0200,25.08,7550385.0
64,4,2,ATMN,24.83,24.84,24.8350,0.0100,24.84,8706539.0
64,4,2,WNTR,23.95,23.96,23.9550,0.0100,24.09,8922001.0
65,5,2,SPNG,23.73,24.27,24.0000,0.5400,23.29,7140861.0
65,5,2,SMMR,24.87,24.89,24.8800,0.0200,25.08,7646285.0
65,5,2,ATMN,24.83,24.84,24.8350,0.0100,24.83,8834376.0
65,5,2,WNTR,23.95,23.96,23.9550,0.0100,23.95,9026301.0
66,6,2,SPNG,23.94,24.27,24.1050,0.3300,23.94,7163361.0
66,6,2,SMMR,25.01,25.09,25.0500,0.0800,24.87,7784585.0
66,6,2,ATMN,24.54,24.62,24.5800,0.0800,24.63,8855910.0
66,6,2,WNTR,23.92,23.94,23.9300,0.0200,23.94,9109768.0
67,7,2,SPNG,24.13,24.16,24.1450,0.0300,24.13,7389761.0
67,7,2,SMMR,25.06,25.11,25.0850,0.0500,25.17,8120685.0
67,7,2,ATMN,24.81,24.84,24.8250,0.0300,24.81,8967798.0
67,7,2,WNTR,23.92,23.97,23.9450,0.0500,23.97,9466168.0
68,8,2,SPNG,23.85,24.01,23.9300,0.1600,24.01,7399821.0
68,8,2,SMMR,25.17,25.18,25.1750,0.0100,25.17,8201828.0
68,8,2,ATMN,24.56,24.63,24.5950,0.0700,24.54,9084098.0
68,8,2,WNTR,23.95,23.96,23.9550,0.0100,23.91,9571368.0
69,9,2,SPNG,23.88,24.27,24.0750,0.3900,24.27,7573421.0
69,9,2,SMMR,25.17,25.19,25.1800,0.0200,25.19,8416994.0
69,9,2,ATMN,24.56,24.84,24.7000,0.2800,24.84,9209198.0
69,9,2,WNTR,23.95,23.96,23.9550,0.0100,23.91,9571368.0
70,10,2,SPNG,23.94,24.29,24.1150,0.3500,24.29,7778221.0
70,10,2,SMMR,25.03,25.09,25.0600,0.0600,25.13,8542087.0
70,10,2,ATMN,24.73,24.83,24.7800,0.1000,24.73,9330098.0
70,10,2,WNTR,23.95,23.97,23.9600,0.0200,23.97,9678868.0
71,11,2,SPNG,24.06,24.17,24.1150,0.1100,24.29,7778221.0
71,11,2,SMMR,24.98,25.04,25.0100,0.0600,24.97,8669287.0
71,11,2,ATMN,24.48,24.78,24.6300,0.3000,24.48,9530598.0
71,11,2,WNTR,23.93,23.97,23.9500,0.0400,23.98,9888868.0
72,12,2,SPNG,24.29,24.31,24.3000,0.0200,24.29,7812301.0
72,12,2,SMMR,24.98,25.09,25.0350,0.1100,25.09,8766987.0
72,12,2,ATMN,24.69,24.70,24.6950,0.0100,24.66,9531198.0
72,12,2,WNTR,23.95,23.98,23.9650,0.0300,23.93,10102568.0
73,13,2,SPNG,24.13,24.22,24.1750,0.0900,24.13,8071621.0
73,13,2,SMMR,25.02,25.13,25.0750,0.1100,25.13,8860887.0
73,13,2,ATMN,24.69,24.73,24.7100,0.0400,24.69,9824398.0
73,13,2,WNTR,23.89,23.94,23.9150,0.0500,23.89,10213768.0
74,14,2,SPNG,23.95,24.31,24.1300,0.3600,24.31,8328881.0
74,14,2,SMMR,25.07,25.10,25.0850,0.0300,24.95,8955187.0
74,14,2,ATMN,24.58,24.79,24.6850,0.2100,24.51,10019798.0
74,14,2,WNTR,23.90,23.92,23.9100,0.0200,23.89,10213768.0
75,15,2,SPNG,23.94,24.16,24.0500,0.2200,23.93,8414581.0
75,15,2,SMMR,24.99,25.15,25.0700,0.1600,24.99,9139187.0
75,15,2,ATMN,24.69,24.76,24.7250,0.0700,24.46,10141698.0
75,15,2,WNTR,23.91,23.93,23.9200,0.0200,23.94,10318568.0
76,16,2,SPNG,23.94,23.99,23.9650,0.0500,24.00,8414981.0
76,16,2,SMMR,25.06,25.10,25.0800,0.0400,25.19,9359587.0
76,16,2,ATMN,24.69,24.82,24.7550,0.1300,24.82,10244998.0
76,16,2,WNTR,23.82,23.91,23.8650,0.0900,23.82,10669968.0
77,17,2,SPNG,23.96,24.40,24.1800,0.4400,24.40,8725081.0
77,17,2,SMMR,24.88,25.10,24.9900,0.2200,24.88,9578387.0
77,17,2,ATMN,24.76,24.83,24.7950,0.0700,24.83,10466398.0
77,17,2,WNTR,23.61,23.65,23.6300,0.0400,23.65,10778338.0
78,18,2,SPNG,24.18,24.28,24.2300,0.1000,24.40,8725081.0
78,18,2,SMMR,24.96,25.25,25.1050,0.2900,25.25,9788187.0
78,18,2,ATMN,24.69,24.82,24.7550,0.1300,24.69,10664598.0
78,18,2,WNTR,23.57,24.00,23.7850,0.4300,24.00,10866938.0
79,19,2,SPNG,24.19,24.28,24.2350,0.0900,24.40,8725081.0
79,19,2,SMMR,25.05,25.10,25.0750,0.0500,25.25,9900987.0
79,19,2,ATMN,24.62,24.74,24.6800,0.1200,24.62,10966938.0
79,19,2,WNTR,23.77,23.99,23.8800,0.2200,24.02,10983038.0
80,20,2,SPNG,24.19,24.28,24.2350,0.0900,24.19,8826581.0
80,20,2,SMMR,25.07,25.14,25.1050,0.0700,25.32,10016687.0
80,20,2,ATMN,24.72,24.75,24.7350,0.0300,24.74,11055238.0
80,20,2,WNTR,23.82,23.84,23.8300,0.0200,23.77,10986438.0
81,21,2,SPNG,24.04,24.15,24.0950,0.1100,24.30,9048455.0
81,21,2,SMMR,25.07,25.14,25.1050,0.0700,25.14,10142087.0
81,21,2,ATMN,24.72,24.75,24.7350,0.0300,24.74,11055238.0
81,21,2,WNTR,23.92,23.99,23.9550,0.0700,23.92,11229338.0
82,22,2,SPNG,23.99,24.16,24.0750,0.1700,24.16,9048455.0
82,22,2,SMMR,25.07,25.17,25.1200,0.1000,25.17,10248887.0
82,22,2,ATMN,24.76,24.78,24.7700,0.0200,24.88,11156138.0
82,22,2,WNTR,23.85,23.89,23.8700,0.0400,23.92,11325738.0
83,23,2,SPNG,23.99,24.50,24.2450,0.5100,24.50,9262355.0
83,23,2,SMMR,25.05,25.07,25.0600,0.0200,25.05,10343901.0
83,23,2,ATMN,24.72,24.76,24.7400,0.0400,24.67,11392938.0
83,23,2,WNTR,23.85,23.89,23.8700,0.0400,23.89,11549748.0
84,24,2,SPNG,24.22,24.23,24.2250,0.0100,23.94,9371555.0
84,24,2,SMMR,25.07,25.12,25.0950,0.0500,25.02,10548927.0
84,24,2,ATMN,24.72,24.76,24.7400,0.0400,24.67,11392938.0
84,24,2,WNTR,23.85,23.86,23.8550,0.0100,23.85,11644348.0
85,25,2,SPNG,24.28,24.30,24.2900,0.0200,24.21,9491431.0
85,25,2,SMMR,25.19,25.21,25.2000,0.0200,25.17,10714582.0
85,25,2,ATMN,24.67,24.77,24.7200,0.1000,24.67,11611675.0
85,25,2,WNTR,23.77,23.86,23.8150,0.0900,23.86,11815448.0
86,26,2,SPNG,23.96,24.50,24.2300,0.5400,24.50,9697213.0
86,26,2,SMMR,25.13,25.14,25.1350,0.0100,25.09,10871287.0
86,26,2,ATMN,24.71,24.82,24.7650,0.1100,24.82,11816575.0
86,26,2,WNTR,23.80,23.83,23.8150,0.0300,23.86,11815448.0
87,27,2,SPNG,24.04,24.06,24.0500,0.0200,24.08,9802113.0
87,27,2,SMMR,25.13,25.19,25.1600,0.0600,25.21,10952487.0
87,27,2,ATMN,24.67,24.78,24.7250,0.1100,24.61,11930575.0
87,27,2,WNTR,23.84,23.87,23.8550,0.0300,23.87,11920748.0
88,28,2,SPNG,24.49,24.50,24.4950,0.0100,24.39,9815942.0
88,28,2,SMMR,25.23,25.26,25.2450,0.0300,25.21,11046042.0
88,28,2,ATMN,24.52,24.76,24.6400,0.2400,24.52,12279775.0
88,28,2,WNTR,23.84,23.87,23.8550,0.0300,23.84,11924148.0
89,29,2,SPNG,24.49,24.50,24.4950,0.0100,24.39,9815942.0
89,29,2,SMMR,25.13,25.17,25.1500,0.0400,25.13,11277587.0
89,29,2,ATMN,24.61,24.73,24.6700,0.1200,24.73,12465434.0
89,29,2,WNTR,23.82,23.83,23.8250,0.0100,23.84,12120248.0
90,30,2,SPNG,24.49,24.50,24.4950,0.0100,24.49,9914142.0
90,30,2,SMMR,25.23,25.26,25.2450,0.0300,25.20,11278670.0
90,30,2,ATMN,24.63,24.69,24.6600,0.0600,24.61,12570534.0
90,30,2,WNTR,23.77,23.78,23.7750,0.0100,23.78,12329148.0
91,31,2,SPNG,23.99,24.37,24.1800,0.3800,24.39,9928929.0
91,31,2,SMMR,25.22,25.26,25.2400,0.0400,25.22,11404370.0
91,31,2,ATMN,24.58,24.61,24.5950,0.0300,24.46,12800734.0
91,31,2,WNTR,23.79,23.81,23.8000,0.0200,23.79,12349748.0
92,32,2,SPNG,24.20,24.50,24.3500,0.3000,24.50,10048529.0
92,32,2,SMMR,25.13,25.14,25.1350,0.0100,25.14,11526834.0
92,32,2,ATMN,24.73,24.78,24.7550,0.0500,24.64,13134655.0
92,32,2,WNTR,23.79,23.81,23.8000,0.0200,23.79,12349748.0
93,33,2,SPNG,24.01,24.04,24.0250,0.0300,24.20,10134289.0
93,33,2,SMMR,25.13,25.19,25.1600,0.0600,25.20,11612434.0
93,33,2,ATMN,24.73,24.77,24.7500,0.0400,24.73,13135855.0
93,33,2,WNTR,23.79,23.89,23.8400,0.1000,23.79,12594948.0
94,34,2,SPNG,24.16,24.40,24.2800,0.2400,24.13,10164589.0
94,34,2,SMMR,25.12,25.19,25.1550,0.0700,25.12,11708534.0
94,34,2,ATMN,24.70,24.72,24.7100,0.0200,24.73,13236155.0
94,34,2,WNTR,23.83,23.93,23.8800,0.1000,23.93,12808048.0
95,35,2,SPNG,24.01,24.09,24.0500,0.0800,24.09,10386249.0
95,35,2,SMMR,25.07,25.20,25.1350,0.1300,25.20,12038834.0
95,35,2,ATMN,24.67,24.75,24.7100,0.0800,24.77,13467421.0
95,35,2,WNTR,23.88,23.95,23.9150,0.0700,23.95,12808048.0
96,36,2,SPNG,24.10,24.40,24.2500,0.3000,24.10,10577149.0
96,36,2,SMMR,25.06,25.09,25.0750,0.0300,24.87,12406034.0
96,36,2,ATMN,24.67,24.75,24.7100,0.0800,24.77,13467421.0
96,36,2,WNTR,23.82,23.85,23.8350,0.0300,23.89,12943879.0
97,37,2,SPNG,24.20,24.30,24.2500,0.1000,24.10,10579415.0
97,37,2,SMMR,24.93,24.95,24.9400,0.0200,24.93,12413473.0
97,37,2,ATMN,24.66,24.78,24.7200,0.1200,24.86,13739821.0
97,37,2,WNTR,23.79,23.85,23.8200,0.0600,23.79,13070379.0
98,38,2,SPNG,24.44,24.50,24.4700,0.0600,24.40,10612975.0
98,38,2,SMMR,24.93,24.94,24.9350,0.0100,24.99,12530433.0
98,38,2,ATMN,24.72,24.90,24.8100,0.1800,24.90,13934421.0
98,38,2,WNTR,23.81,23.84,23.8250,0.0300,23.84,13181379.0
99,39,2,SPNG,24.01,24.50,24.2550,0.4900,24.01,10760709.0
99,39,2,SMMR,24.93,24.94,24.9350,0.0100,24.99,12530433.0
99,39,2,ATMN,24.72,24.92,24.8200,0.2000,24.92,14048921.0
99,39,2,WNTR,23.84,23.85,23.8450,0.0100,23.84,13303679.0
100,40,2,SPNG,24.08,24.24,24.1600,0.1600,23.95,10882409.0
100,40,2,SMMR,24.93,24.94,24.9350,0.0100,24.93,12715533.0
100,40,2,ATMN,24.75,24.78,24.7650,0.0300,24.79,14153531.0
100,40,2,WNTR,23.84,23.85,23.8450,0.0100,23.85,13490579.0
101,41,2,SPNG,23.95,24.21,24.0800,0.2600,23.95,10992509.0
101,41,2,SMMR,24.93,24.99,24.9600,0.0600,24.99,12839733.0
101,41,2,ATMN,24.80,24.84,24.8200,0.0400,24.80,14274997.0
101,41,2,WNTR,23.87,23.90,23.8850,0.0300,23.96,13810679.0
102,42,2,SPNG,24.19,24.21,24.2000,0.0200,24.25,11106509.0
102,42,2,SMMR,24.94,25.01,24.9750,0.0700,25.02,13040633.0
102,42,2,ATMN,24.83,24.90,24.8650,0.0700,24.93,14466197.0
102,42,2,WNTR,23.77,23.89,23.8300,0.1200,23.77,13930556.0
103,43,2,SPNG,24.15,24.21,24.1800,0.0600,23.94,11209109.0
103,43,2,SMMR,24.89,24.92,24.9050,0.0300,24.93,13257493.0
103,43,2,ATMN,24.79,24.81,24.8000,0.0200,24.72,14593697.0
103,43,2,WNTR,23.82,23.84,23.8300,0.0200,23.89,14046356.0
104,44,2,SPNG,24.04,24.12,24.0800,0.0800,24.31,11409109.0
104,44,2,SMMR,24.88,24.92,24.9000,0.0400,24.86,13375493.0
104,44,2,ATMN,24.79,24.81,24.8000,0.0200,24.72,14593697.0
104,44,2,WNTR,23.74,23.75,23.7450,0.0100,23.75,14159700.0
105,45,2,SPNG,24.04,24.31,24.1750,0.2700,24.49,11510209.0
105,45,2,SMMR,24.88,25.23,25.0550,0.3500,25.23,13606993.0
105,45,2,ATMN,24.76,24.79,24.7750,0.0300,24.66,14945897.0
105,45,2,WNTR,23.74,23.76,23.7500,0.0200,23.90,14249900.0
106,46,2,SPNG,24.25,24.31,24.2800,0.0600,24.25,11604509.0
106,46,2,SMMR,25.21,25.23,25.2200,0.0200,25.21,13710893.0
106,46,2,ATMN,24.82,24.83,24.8250,0.0100,24.81,15068519.0
106,46,2,WNTR,23.74,23.91,23.8250,0.1700,23.91,14351100.0
107,47,2,SPNG,24.25,24.50,24.3750,0.2500,24.50,11697209.0
107,47,2,SMMR,24.88,25.04,24.9600,0.1600,25.09,13725053.0
107,47,2,ATMN,24.82,24.84,24.8300,0.0200,24.97,15191919.0
107,47,2,WNTR,23.74,23.78,23.7600,0.0400,23.74,14591200.0
108,48,2,SPNG,24.25,24.28,24.2650,0.0300,24.28,11702712.0
108,48,2,SMMR,24.88,25.04,24.9600,0.1600,25.04,13912153.0
108,48,2,ATMN,24.82,24.84,24.8300,0.0200,24.97,15191919.0
108,48,2,WNTR,23.82,23.86,23.8400,0.0400,23.78,14705200.0
109,49,2,SPNG,23.98,24.28,24.1300,0.3000,23.98,11966212.0
109,49,2,SMMR,24.95,25.22,25.0850,0.2700,24.86,14046493.0
109,49,2,ATMN,24.80,25.04,24.9200,0.2400,25.04,15477697.0
109,49,2,WNTR,23.76,23.91,23.8350,0.1500,23.76,14915900.0
110,50,2,SPNG,24.00,24.10,24.0500,0.1000,24.10,11977285.0
110,50,2,SMMR,24.95,25.24,25.0950,0.2900,24.95,14252693.0
110,50,2,ATMN,24.82,25.06,24.9400,0.2400,25.06,15595997.0
110,50,2,WNTR,23.76,23.91,23.8350,0.1500,23.76,14915900.0
111,51,2,SPNG,24.00,24.10,24.0500,0.1000,24.10,11977460.0
111,51,2,SMMR,24.95,25.24,25.0950,0.2900,24.95,14433359.0
111,51,2,ATMN,24.80,24.93,24.8650,0.1300,24.70,15851597.0
111,51,2,WNTR,23.95,23.96,23.9550,0.0100,23.94,15244695.0
112,52,2,SPNG,23.98,24.32,24.1500,0.3400,24.33,12166260.0
112,52,2,SMMR,24.87,24.90,24.8850,0.0300,24.95,14509159.0
112,52,2,ATMN,24.77,24.94,24.8550,0.1700,24.60,16157197.0
112,52,2,WNTR,23.95,23.96,23.9550,0.0100,23.95,15246961.0
113,53,2,SPNG,24.45,24.50,24.4750,0.0500,24.45,12204601.0
113,53,2,SMMR,24.86,24.98,24.9200,0.1200,25.09,14618159.0
113,53,2,ATMN,24.77,24.83,24.8000,0.0600,24.77,16286197.0
113,53,2,WNTR,23.72,23.96,23.8400,0.2400,23.72,15471361.0
114,54,2,SPNG,23.97,24.50,24.2350,0.5300,23.97,12334801.0
114,54,2,SMMR,25.02,25.09,25.0550,0.0700,24.98,14645359.0
114,54,2,ATMN,24.72,24.94,24.8300,0.2200,25.06,16566108.0
114,54,2,WNTR,23.95,23.96,23.9550,0.0100,23.92,15475761.0
115,55,2,SPNG,24.10,24.50,24.3000,0.4000,24.50,12436801.0
115,55,2,SMMR,25.02,25.09,25.0550,0.0700,25.09,14759825.0
115,55,2,ATMN,24.71,24.97,24.8400,0.2600,24.60,16660208.0
115,55,2,WNTR,23.85,23.94,23.8950,0.0900,23.95,15597961.0
116,56,2,SPNG,24.00,24.15,24.0750,0.1500,24.15,12448050.0
116,56,2,SMMR,24.97,25.12,25.0450,0.1500,25.12,14994225.0
116,56,2,ATMN,24.71,24.82,24.7650,0.1100,24.60,16671456.0
116,56,2,WNTR,23.85,23.86,23.8550,0.0100,23.96,15695261.0
117,57,2,SPNG,24.00,24.15,24.0750,0.1500,24.35,12560750.0
117,57,2,SMMR,24.97,25.12,25.0450,0.1500,25.12,14994225.0
117,57,2,ATMN,24.84,24.86,24.8500,0.0200,24.84,16785422.0
117,57,2,WNTR,23.85,23.97,23.9100,0.1200,23.97,15915661.0
118,58,2,SPNG,23.92,24.38,24.1500,0.4600,23.92,12889150.0
118,58,2,SMMR,25.07,25.12,25.0950,0.0500,25.03,15187225.0
118,58,2,ATMN,24.84,24.86,24.8500,0.0200,24.84,16785422.0
118,58,2,WNTR,23.85,23.94,23.8950,0.0900,23.94,16029061.0
119,59,2,SPNG,23.97,24.19,24.0800,0.2200,23.89,12996350.0
119,59,2,SMMR,25.03,25.12,25.0750,0.0900,25.07,15277025.0
119,59,2,ATMN,24.60,24.86,24.7300,0.2600,24.86,17019144.0
119,59,2,WNTR,23.76,23.78,23.7700,0.0200,23.85,16374661.0
120,0,3,SPNG,26.38,0.00,0.0000,0.0000,24.19,12999750.0
120,0,3,SMMR,26.33,0.00,0.0000,0.0000,24.87,15507025.0
120,0,3,ATMN,24.40,25.26,24.8300,0.8600,24.59,17240044.0
120,0,3,WNTR,26.19,0.00,0.0000,0.0000,23.78,16376927.0
121,1,3,SPNG,26.70,27.08,26.8900,0.3800,30.82,13090050.0
121,1,3,SMMR,26.33,26.43,26.3800,0.1000,26.33,15611025.0
121,1,3,ATMN,24.40,24.69,24.5450,0.2900,24.40,17356144.0
121,1,3,WNTR,25.45,25.70,25.5750,0.2500,25.70,16661427.0
122,2,3,SPNG,26.70,26.74,26.7200,0.0400,26.70,13186850.0
122,2,3,SMMR,25.62,26.23,25.9250,0.6100,26.33,15707025.0
122,2,3,ATMN,24.26,24.68,24.4700,0.4200,24.69,17557944.0
122,2,3,WNTR,26.00,26.48,26.2400,0.4800,25.45,16801127.0
123,3,3,SPNG,26.38,26.74,26.5600,0.3600,26.38,13285850.0
123,3,3,SMMR,26.26,26.39,26.3250,0.1300,26.43,15899825.0
123,3,3,ATMN,24.26,24.63,24.4450,0.3700,24.26,17748344.0
123,3,3,WNTR,26.00,26.33,26.1650,0.3300,25.45,16801127.0
124,4,3,SPNG,26.49,26.54,26.5150,0.0500,26.38,13285850.0
124,4,3,SMMR,26.35,26.39,26.3700,0.0400,26.35,15985325.0
124,4,3,ATMN,23.82,24.26,24.0400,0.4400,24.26,17759844.0
124,4,3,WNTR,26.15,26.33,26.2400,0.1800,26.15,16914227.0
125,5,3,SPNG,26.10,26.30,26.2000,0.2000,26.38,13522621.0
125,5,3,SMMR,26.24,26.26,26.2500,0.0200,26.26,16017825.0
125,5,3,ATMN,24.24,24.26,24.2500,0.0200,24.26,17773978.0
125,5,3,WNTR,26.29,26.33,26.3100,0.0400,26.33,17011727.0
126,6,3,SPNG,26.10,26.30,26.2000,0.2000,26.30,13530035.0
126,6,3,SMMR,26.24,26.34,26.2900,0.1000,26.34,16107725.0
126,6,3,ATMN,24.45,24.52,24.4850,0.0700,24.45,17871934.0
126,6,3,WNTR,26.15,26.18,26.1650,0.0300,26.28,17220227.0
127,7,3,SPNG,26.36,26.39,26.3750,0.0300,26.31,13609004.0
127,7,3,SMMR,26.33,26.36,26.3450,0.0300,26.39,16217225.0
127,7,3,ATMN,24.24,24.34,24.2900,0.1000,24.34,18009588.0
127,7,3,WNTR,26.15,26.18,26.1650,0.0300,26.15,17323927.0
128,8,3,SPNG,26.15,26.21,26.1800,0.0600,26.22,13793745.0
128,8,3,SMMR,26.27,26.33,26.3000,0.0600,26.24,16316425.0
128,8,3,ATMN,24.33,24.40,24.3650,0.0700,24.63,18125164.0
128,8,3,WNTR,26.01,26.08,26.0450,0.0700,26.15,17539112.0
129,9,3,SPNG,26.30,26.51,26.4050,0.2100,26.54,13936805.0
129,9,3,SMMR,26.40,26.43,26.4150,0.0300,26.39,16396309.0
129,9,3,ATMN,24.33,24.47,24.4000,0.1400,24.47,18220164.0
129,9,3,WNTR,26.10,26.13,26.1150,0.0300,26.13,17612871.0
130,10,3,SPNG,26.24,26.29,26.2650,0.0500,26.29,13943486.0
130,10,3,SMMR,26.24,26.28,26.2600,0.0400,26.24,16521009.0
130,10,3,ATMN,24.37,24.43,24.4000,0.0600,24.47,18220164.0
130,10,3,WNTR,26.05,26.13,26.0900,0.0800,26.13,17941571.0
131,11,3,SPNG,26.24,26.29,26.2650,0.0500,26.29,13943528.0
131,11,3,SMMR,26.24,26.28,26.2600,0.0400,26.24,16631109.0
131,11,3,ATMN,24.28,24.48,24.3800,0.2000,24.48,18414418.0
131,11,3,WNTR,26.01,26.09,26.0500,0.0800,26.23,18048699.0
132,12,3,SPNG,26.24,26.29,26.2650,0.0500,26.29,13943528.0
132,12,3,SMMR,26.23,26.28,26.2550,0.0500,26.23,16817809.0
132,12,3,ATMN,24.60,24.63,24.6150,0.0300,24.60,18424819.0
132,12,3,WNTR,26.03,26.36,26.1950,0.3300,26.36,18249299.0
133,13,3,SPNG,26.50,26.54,26.5200,0.0400,26.50,14062488.0
133,13,3,SMMR,26.23,26.31,26.2700,0.0800,26.23,17012012.0
133,13,3,ATMN,24.39,24.62,24.5050,0.2300,24.62,18619659.0
133,13,3,WNTR,26.12,26.13,26.1250,0.0100,26.16,18253759.0
134,14,3,SPNG,26.24,26.26,26.2500,0.0200,26.30,14133447.0
134,14,3,SMMR,26.23,26.28,26.2550,0.0500,26.23,17012012.0
134,14,3,ATMN,24.13,24.16,24.1450,0.0300,24.16,18786515.0
134,14,3,WNTR,26.15,26.18,26.1650,0.0300,26.15,18368736.0
135,15,3,SPNG,26.30,26.50,26.4000,0.2000,26.54,14248798.0
135,15,3,SMMR,26.29,26.30,26.2950,0.0100,26.29,17243761.0
135,15,3,ATMN,24.31,24.34,24.3250,0.0300,24.34,18879799.0
135,15,3,WNTR,26.09,26.18,26.1350,0.0900,26.18,18570036.0
136,16,3,SPNG,26.40,26.45,26.4250,0.0500,26.58,14361998.0
136,16,3,SMMR,26.18,26.20,26.1900,0.0200,26.31,17369812.0
136,16,3,ATMN,24.56,24.58,24.5700,0.0200,24.56,19067939.0
136,16,3,WNTR,26.18,26.30,26.2400,0.1200,26.18,18662067.0
137,17,3,SPNG,26.37,26.48,26.4250,0.1100,26.22,14556598.0
137,17,3,SMMR,26.28,26.50,26.3900,0.2200,26.50,17487712.0
137,17,3,ATMN,24.38,24.56,24.4700,0.1800,24.38,19193239.0
137,17,3,WNTR,26.32,26.36,26.3400,0.0400,26.32,18861267.0
138,18,3,SPNG,26.30,26.49,26.3950,0.1900,26.22,14760898.0
138,18,3,SMMR,26.36,26.50,26.4300,0.1400,26.50,17586612.0
138,18,3,ATMN,24.56,24.58,24.5700,0.0200,24.65,19289339.0
138,18,3,WNTR,26.25,26.26,26.2550,0.0100,26.32,18936436.0
139,19,3,SPNG,26.21,26.26,26.2350,0.0500,26.29,14932789.0
139,19,3,SMMR,26.43,26.44,26.4350,0.0100,26.18,17707612.0
139,19,3,ATMN,24.56,24.58,24.5700,0.0200,24.65,19289339.0
139,19,3,WNTR,26.03,26.21,26.1200,0.1800,26.21,19150336.0
140,20,3,SPNG,26.29,26.44,26.3650,0.1500,26.44,15023125.0
140,20,3,SMMR,26.21,26.46,26.3350,0.2500,26.46,17916521.0
140,20,3,ATMN,24.56,24.57,24.5650,0.0100,24.58,19422503.0
140,20,3,WNTR,26.14,26.17,26.1550,0.0300,26.21,19322136.0
141,21,3,SPNG,26.29,26.50,26.3950,0.2100,26.60,15338525.0
141,21,3,SMMR,26.39,26.45,26.4200,0.0600,26.39,18126121.0
141,21,3,ATMN,24.40,24.57,24.4850,0.1700,24.41,19542303.0
141,21,3,WNTR,26.27,26.36,26.3150,0.0900,26.27,19492587.0
142,22,3,SPNG,26.59,26.60,26.5950,0.0100,26.59,15344105.0
142,22,3,SMMR,26.29,26.38,26.3350,0.0900,26.39,18130721.0
142,22,3,ATMN,24.45,24.52,24.4850,0.0700,24.65,19672803.0
142,22,3,WNTR,26.28,26.31,26.2950,0.0300,26.27,19492587.0
143,23,3,SPNG,26.30,26.39,26.3450,0.0900,26.50,15504467.0
143,23,3,SMMR,26.17,26.26,26.2150,0.0900,26.26,18131981.0
143,23,3,ATMN,24.40,24.44,24.4200,0.0400,24.44,19872575.0
143,23,3,WNTR,26.14,26.24,26.1900,0.1000,26.26,19537596.0
144,24,3,SPNG,26.30,26.35,26.3250,0.0500,26.45,15598967.0
144,24,3,SMMR,26.22,26.32,26.2700,0.1000,26.17,18324038.0
144,24,3,ATMN,24.40,24.44,24.4200,0.0400,24.44,19872575.0
144,24,3,WNTR,26.05,26.08,26.0650,0.0300,26.03,19639496.0
145,25,3,SPNG,26.37,26.51,26.4400,0.1400,26.29,15765867.0
145,25,3,SMMR,26.24,26.26,26.2500,0.0200,26.44,18435838.0
145,25,3,ATMN,24.35,24.36,24.3550,0.0100,24.36,20014410.0
145,25,3,WNTR,26.05,26.08,26.0650,0.0300,26.03,19639496.0
146,26,3,SPNG,26.30,26.49,26.3950,0.1900,26.25,15944367.0
146,26,3,SMMR,26.32,26.38,26.3500,0.0600,26.17,18760138.0
146,26,3,ATMN,24.35,24.36,24.3550,0.0100,24.36,20016800.0
146,26,3,WNTR,26.07,26.09,26.0800,0.0200,26.07,19843927.0
147,27,3,SPNG,26.29,26.45,26.3700,0.1600,26.17,16041467.0
147,27,3,SMMR,26.35,26.38,26.3650,0.0300,26.17,18760138.0
147,27,3,ATMN,24.45,24.52,24.4850,0.0700,24.39,20111923.0
147,27,3,WNTR,26.00,26.05,26.0250,0.0500,26.00,20155896.0
148,28,3,SPNG,26.25,26.30,26.2750,0.0500,26.30,16230965.0
148,28,3,SMMR,26.36,26.38,26.3700,0.0200,26.26,18849338.0
148,28,3,ATMN,24.49,24.52,24.5050,0.0300,24.59,20214423.0
148,28,3,WNTR,26.03,26.05,26.0400,0.0200,26.03,20243096.0
149,29,3,SPNG,26.34,26.44,26.3900,0.1000,26.44,16433841.0
149,29,3,SMMR,26.17,26.33,26.2500,0.1600,26.17,19086692.0
149,29,3,ATMN,24.55,24.56,24.5550,0.0100,24.55,20218923.0
149,29,3,WNTR,26.19,26.23,26.2100,0.0400,26.18,20459146.0
150,30,3,SPNG,26.29,26.44,26.3650,0.1500,26.19,16630831.0
150,30,3,SMMR,26.37,26.38,26.3750,0.0100,26.37,19173831.0
150,30,3,ATMN,24.49,24.50,24.4950,0.0100,24.50,20464322.0
150,30,3,WNTR,26.00,26.19,26.0950,0.1900,26.00,20678705.0
151,31,3,SPNG,26.19,26.39,26.2900,0.2000,26.19,16838189.0
151,31,3,SMMR,26.37,26.38,26.3750,0.0100,26.38,19254431.0
151,31,3,ATMN,24.45,24.55,24.5000,0.1000,24.45,20685322.0
151,31,3,WNTR,26.07,26.19,26.1300,0.1200,26.19,20907652.0
152,32,3,SPNG,26.28,26.39,26.3350,0.1100,26.39,16921789.0
152,32,3,SMMR,26.17,26.38,26.2750,0.2100,26.38,19358252.0
152,32,3,ATMN,24.47,24.57,24.5200,0.1000,24.57,20898022.0
152,32,3,WNTR,26.07,26.10,26.0850,0.0300,26.10,21007604.0
153,33,3,SPNG,26.27,26.28,26.2750,0.0100,26.28,16923692.0
153,33,3,SMMR,26.39,26.40,26.3950,0.0100,26.39,19564166.0
153,33,3,ATMN,24.45,24.56,24.5050,0.1100,24.37,21108099.0
153,33,3,WNTR,26.03,26.06,26.0450,0.0300,26.01,21147738.0
154,34,3,SPNG,26.15,26.43,26.2900,0.2800,26.43,17208292.0
154,34,3,SMMR,26.21,26.26,26.2350,0.0500,26.34,19763626.0
154,34,3,ATMN,24.45,24.56,24.5050,0.1100,24.66,21290299.0
154,34,3,WNTR,25.98,26.01,25.9950,0.0300,25.93,21235438.0
155,35,3,SPNG,26.44,26.53,26.4850,0.0900,26.44,17228017.0
155,35,3,SMMR,26.21,26.28,26.2450,0.0700,26.46,19876826.0
155,35,3,ATMN,24.45,24.58,24.5150,0.1300,24.66,21508734.0
155,35,3,WNTR,25.93,26.12,26.0250,0.1900,26.12,21585738.0
156,36,3,SPNG,26.33,26.59,26.4600,0.2600,26.59,17404592.0
156,36,3,SMMR,26.43,26.48,26.4550,0.0500,26.43,20078769.0
156,36,3,ATMN,24.50,24.64,24.5700,0.1400,24.64,21707593.0
156,36,3,WNTR,26.01,26.12,26.0650,0.1100,26.12,21911038.0
157,37,3,SPNG,26.28,26.44,26.3600,0.1600,26.28,17588792.0
157,37,3,SMMR,26.40,26.42,26.4100,0.0200,26.42,20087126.0
157,37,3,ATMN,24.53,24.62,24.5750,0.0900,24.66,21811593.0
157,37,3,WNTR,25.94,25.96,25.9500,0.0200,25.96,22015080.0
158,38,3,SPNG,26.31,26.54,26.4250,0.2300,26.65,17665292.0
158,38,3,SMMR,26.21,26.38,26.2950,0.1700,26.40,20087486.0
158,38,3,ATMN,24.57,24.67,24.6200,0.1000,24.67,22025593.0
158,38,3,WNTR,25.87,25.91,25.8900,0.0400,25.82,22136880.0
159,39,3,SPNG,26.27,26.45,26.3600,0.1800,26.18,17753792.0
159,39,3,SMMR,26.36,26.38,26.3700,0.0200,26.38,20182446.0
159,39,3,ATMN,24.38,24.67,24.5250,0.2900,24.67,22054658.0
159,39,3,WNTR,25.99,26.00,25.9950,0.0100,25.96,22226027.0
160,40,3,SPNG,26.30,26.43,26.3650,0.1300,26.45,17833792.0
160,40,3,SMMR,26.26,26.38,26.3200,0.1200,26.20,20395246.0
160,40,3,ATMN,24.50,24.56,24.5300,0.0600,24.67,22155958.0
160,40,3,WNTR,25.97,26.03,26.0000,0.0600,25.79,22522627.0
161,41,3,SPNG,26.28,26.34,26.3100,0.0600,26.15,17947892.0
161,41,3,SMMR,26.32,26.34,26.3300,0.0200,26.32,20396146.0
161,41,3,ATMN,24.64,24.65,24.6450,0.0100,24.72,22275158.0
161,41,3,WNTR,26.15,26.17,26.1600,0.0200,26.12,22641711.0
162,42,3,SPNG,26.29,26.54,26.4150,0.2500,26.54,18111392.0
162,42,3,SMMR,26.20,26.24,26.2200,0.0400,26.28,20517306.0
162,42,3,ATMN,24.64,24.66,24.6500,0.0200,24.64,22481244.0
162,42,3,WNTR,26.05,26.13,26.0900,0.0800,26.13,22706117.0
163,43,3,SPNG,26.14,26.58,26.3600,0.4400,26.14,18307592.0
163,43,3,SMMR,26.26,26.32,26.2900,0.0600,26.38,20632506.0
163,43,3,ATMN,24.51,24.66,24.5850,0.1500,24.50,22594444.0
163,43,3,WNTR,25.98,26.00,25.9900,0.0200,26.00,22789417.0
164,44,3,SPNG,26.17,26.41,26.2900,0.2400,26.17,18422192.0
164,44,3,SMMR,26.29,26.34,26.3150,0.0500,26.37,20750606.0
164,44,3,ATMN,24.57,24.61,24.5900,0.0400,24.77,22720644.0
164,44,3,WNTR,25.97,26.01,25.9900,0.0400,25.79,22982817.0
165,45,3,SPNG,26.49,26.54,26.5150,0.0500,26.49,18423312.0
165,45,3,SMMR,26.32,26.34,26.3300,0.0200,26.16,20958906.0
165,45,3,ATMN,24.71,24.73,24.7200,0.0200,24.71,22948284.0
165,45,3,WNTR,25.84,25.93,25.8850,0.0900,25.94,23085017.0
166,46,3,SPNG,26.30,26.41,26.3550,0.1100,26.71,18617292.0
166,46,3,SMMR,26.23,26.26,26.2450,0.0300,26.38,21161406.0
166,46,3,ATMN,24.42,24.43,24.4250,0.0100,24.43,23058149.0
166,46,3,WNTR,25.94,26.02,25.9800,0.0800,25.94,23264057.0
167,47,3,SPNG,26.53,26.55,26.5400,0.0200,26.46,18709952.0
167,47,3,SMMR,26.32,26.40,26.3600,0.0800,26.40,21270766.0
167,47,3,ATMN,24.48,24.68,24.5800,0.2000,24.48,23312247.0
167,47,3,WNTR,25.94,26.12,26.0300,0.1800,25.94,23264057.0
168,48,3,SPNG,26.25,26.28,26.2650,0.0300,26.28,18880917.0
168,48,3,SMMR,26.32,26.37,26.3450,0.0500,26.32,21368566.0
168,48,3,ATMN,24.49,24.68,24.5850,0.1900,24.41,23565847.0
168,48,3,WNTR,26.06,26.12,26.0900,0.0600,25.94,23264057.0
169,49,3,SPNG,26.54,26.55,26.5450,0.0100,26.54,19073935.0
169,49,3,SMMR,26.32,26.39,26.3550,0.0700,26.39,21569866.0
169,49,3,ATMN,24.67,24.68,24.6750,0.0100,24.67,23568146.0
169,49,3,WNTR,26.03,26.04,26.0350,0.0100,26.02,23384157.0
170,50,3,SPNG,26.21,26.22,26.2150,0.0100,26.22,19182275.0
170,50,3,SMMR,26.23,26.39,26.3100,0.1600,26.23,21774466.0
170,50,3,ATMN,24.49,24.68,24.5850,0.1900,24.41,23701146.0
170,50,3,WNTR,26.03,26.04,26.0350,0.0100,26.04,23497157.0
171,51,3,SPNG,26.69,26.71,26.7000,0.0200,26.69,19303949.0
171,51,3,SMMR,26.36,26.39,26.3750,0.0300,26.32,21888366.0
171,51,3,ATMN,24.41,24.46,24.4350,0.0500,24.46,23803423.0
171,51,3,WNTR,25.97,26.12,26.0450,0.1500,26.12,23791757.0
172,52,3,SPNG,26.21,26.54,26.3750,0.3300,26.54,19510224.0
172,52,3,SMMR,26.36,26.39,26.3750,0.0300,26.32,21888366.0
172,52,3,ATMN,24.48,24.70,24.5900,0.2200,24.46,23915126.0
172,52,3,WNTR,26.03,26.12,26.0750,0.0900,26.03,23884557.0
173,53,3,SPNG,26.28,26.54,26.4100,0.2600,26.54,19591024.0
173,53,3,SMMR,26.27,26.30,26.2850,0.0300,26.27,21977366.0
173,53,3,ATMN,24.47,24.70,24.5850,0.2300,24.80,24246526.0
173,53,3,WNTR,26.01,26.12,26.0650,0.1100,25.95,23972957.0
174,54,3,SPNG,26.28,26.46,26.3700,0.1800,26.21,19670524.0
174,54,3,SMMR,26.16,26.40,26.2800,0.2400,26.40,22250466.0
174,54,3,ATMN,24.36,24.43,24.3950,0.0700,24.43,24462558.0
174,54,3,WNTR,25.94,26.06,26.0000,0.1200,25.94,24089557.0
175,55,3,SPNG,26.75,26.82,26.7850,0.0700,26.64,19849348.0
175,55,3,SMMR,26.08,26.39,26.2350,0.3100,26.08,22479566.0
175,55,3,ATMN,24.34,24.48,24.4100,0.1400,24.34,24657926.0
175,55,3,WNTR,25.91,26.05,25.9800,0.1400,25.89,24196657.0
176,56,3,SPNG,26.21,26.77,26.4900,0.5600,26.21,19960197.0
176,56,3,SMMR,26.33,26.39,26.3600,0.0600,26.33,22583766.0
176,56,3,ATMN,24.34,24.48,24.4100,0.1400,24.48,24758976.0
176,56,3,WNTR,25.94,26.04,25.9900,0.1000,25.89,24196657.0
177,57,3,SPNG,26.21,26.82,26.5150,0.6100,26.82,20069197.0
177,57,3,SMMR,26.22,26.23,26.2250,0.0100,26.33,22682866.0
177,57,3,ATMN,24.69,24.80,24.7450,0.1100,24.69,24964824.0
177,57,3,WNTR,25.91,25.94,25.9250,0.0300,25.94,24310357.0
178,58,3,SPNG,26.21,26.75,26.4800,0.5400,26.82,20069197.0
178,58,3,SMMR,26.22,26.23,26.2250,0.0100,26.33,22682866.0
178,58,3,ATMN,24.34,24.80,24.5700,0.4600,24.80,25097197.0
178,58,3,WNTR,25.91,25.94,25.9250,0.0300,25.94,24489857.0
179,59,3,SPNG,26.34,26.47,26.4050,0.1300,26.75,20179097.0
179,59,3,SMMR,26.22,26.23,26.2250,0.0100,26.22,22792366.0
179,59,3,ATMN,24.34,24.35,24.3450,0.0100,24.35,25200397.0
179,59,3,WNTR,25.91,25.94,25.9250,0.0300,25.94,24489857.0
180,0,4,SPNG,26.34,0.00,0.0000,0.0000,26.47,20263097.0
180,0,4,SMMR,25.08,26.24,25.6600,1.1600,26.22,22792366.0
180,0,4,ATMN,25.40,0.00,0.0000,0.0000,25.26,25227351.0
180,0,4,WNTR,24.44,0.00,0.0000,0.0000,25.94,24505557.0
181,1,4,SPNG,27.39,28.26,27.8250,0.8700,27.39,20357197.0
181,1,4,SMMR,25.11,25.59,25.3500,0.4800,25.11,23022066.0
181,1,4,ATMN,25.40,25.56,25.4800,0.1600,25.26,25227351.0
181,1,4,WNTR,24.44,24.65,24.5450,0.2100,24.78,24623459.0
182,2,4,SPNG,27.39,27.81,27.6000,0.4200,27.39,20357197.0
182,2,4,SMMR,25.11,25.34,25.2250,0.2300,25.11,23022066.0
182,2,4,ATMN,25.40,25.61,25.5050,0.2100,25.61,25407351.0
182,2,4,WNTR,24.44,24.71,24.5750,0.2700,24.71,24911959.0
183,3,4,SPNG,26.46,27.69,27.0750,1.2300,26.46,20551697.0
183,3,4,SMMR,25.08,25.34,25.2100,0.2600,25.08,23328366.0
183,3,4,ATMN,25.40,25.61,25.5050,0.2100,25.40,25499651.0
183,3,4,WNTR,24.44,24.45,24.4450,0.0100,24.45,25009659.0
184,4,4,SPNG,26.46,26.61,26.5350,0.1500,26.46,20551697.0
184,4,4,SMMR,25.08,25.19,25.1350,0.1100,25.08,23328366.0
184,4,4,ATMN,24.61,25.17,24.8900,0.5600,25.21,25947351.0
184,4,4,WNTR,24.44,24.45,24.4450,0.0100,24.45,25009659.0
185,5,4,SPNG,26.46,26.56,26.5100,0.1000,26.46,20562771.0
185,5,4,SMMR,24.79,24.97,24.8800,0.1800,25.08,23333266.0
185,5,4,ATMN,25.07,25.17,25.1200,0.1000,25.07,25961825.0
185,5,4,WNTR,24.44,24.59,24.5150,0.1500,24.63,25105259.0
186,6,4,SPNG,24.95,26.14,25.5450,1.1900,24.95,20852259.0
186,6,4,SMMR,25.16,25.19,25.1750,0.0300,25.08,23443326.0
186,6,4,ATMN,25.47,25.54,25.5050,0.0700,25.38,25988051.0
186,6,4,WNTR,24.48,24.65,24.5650,0.1700,24.65,25309559.0
187,7,4,SPNG,24.95,25.09,25.0200,0.1400,25.43,20855199.0
187,7,4,SMMR,25.15,25.19,25.1700,0.0400,25.08,23552226.0
187,7,4,ATMN,25.30,25.37,25.3350,0.0700,25.37,26155108.0
187,7,4,WNTR,24.40,24.45,24.4250,0.0500,24.47,25416906.0
188,8,4,SPNG,24.69,24.76,24.7250,0.0700,24.64,21038764.0
188,8,4,SMMR,24.96,24.99,24.9750,0.0300,25.08,23644870.0
188,8,4,ATMN,25.71,25.77,25.7400,0.0600,25.68,26274687.0
188,8,4,WNTR,24.59,24.64,24.6150,0.0500,24.59,25564414.0
189,9,4,SPNG,24.60,24.75,24.6750,0.1500,24.23,21257564.0
189,9,4,SMMR,24.92,24.99,24.9550,0.0700,24.92,23761570.0
189,9,4,ATMN,25.30,25.56,25.4300,0.2600,25.67,26358019.0
189,9,4,WNTR,24.47,24.51,24.4900,0.0400,24.59,25628522.0
190,10,4,SPNG,24.41,24.42,24.4150,0.0100,24.41,21348195.0
190,10,4,SMMR,24.92,25.03,24.9750,0.1100,25.19,23854330.0
190,10,4,ATMN,25.40,25.46,25.4300,0.0600,25.17,26486519.0
190,10,4,WNTR,24.28,24.37,24.3250,0.0900,24.44,25745022.0
191,11,4,SPNG,24.83,25.09,24.9600,0.2600,24.83,21412308.0
191,11,4,SMMR,24.95,25.00,24.9750,0.0500,25.19,24061030.0
191,11,4,ATMN,25.24,25.33,25.2850,0.0900,25.47,26615499.0
191,11,4,WNTR,24.31,24.62,24.4650,0.3100,24.62,25963322.0
192,12,4,SPNG,24.57,24.64,24.6050,0.0700,24.57,21552295.0
192,12,4,SMMR,25.28,25.34,25.3100,0.0600,25.26,24194681.0
192,12,4,ATMN,25.41,25.51,25.4600,0.1000,25.35,26721799.0
192,12,4,WNTR,24.42,24.48,24.4500,0.0600,24.25,26208522.0
193,13,4,SPNG,24.78,25.09,24.9350,0.3100,24.65,21643281.0
193,13,4,SMMR,25.28,25.29,25.2850,0.0100,25.29,24199948.0
193,13,4,ATMN,25.43,25.49,25.4600,0.0600,25.35,26721799.0
193,13,4,WNTR,24.50,24.55,24.5250,0.0500,24.25,26433922.0
194,14,4,SPNG,24.83,24.99,24.9100,0.1600,24.78,21730381.0
194,14,4,SMMR,24.99,25.04,25.0150,0.0500,25.11,24302033.0
194,14,4,ATMN,25.22,25.32,25.2700,0.1000,25.14,26914099.0
194,14,4,WNTR,24.41,24.54,24.4750,0.1300,24.41,26648522.0
195,15,4,SPNG,24.58,24.59,24.5850,0.0100,24.59,21747455.0
195,15,4,SMMR,25.05,25.34,25.1950,0.2900,25.34,24401108.0
195,15,4,ATMN,25.30,25.34,25.3200,0.0400,25.77,27013499.0
195,15,4,WNTR,24.44,24.63,24.5350,0.1900,24.44,26765322.0
196,16,4,SPNG,24.75,24.95,24.8500,0.2000,24.75,21839441.0
196,16,4,SMMR,25.03,25.13,25.0800,0.1000,25.03,24514868.0
196,16,4,ATMN,25.15,25.60,25.3750,0.4500,25.15,27361599.0
196,16,4,WNTR,24.45,24.49,24.4700,0.0400,24.44,26765322.0
197,17,4,SPNG,24.53,24.69,24.6100,0.1600,24.36,21971755.0
197,17,4,SMMR,25.10,25.13,25.1150,0.0300,25.10,24738068.0
197,17,4,ATMN,25.50,25.57,25.5350,0.0700,25.48,27474399.0
197,17,4,WNTR,24.55,24.58,24.5650,0.0300,24.50,26895322.0
198,18,4,SPNG,24.76,24.79,24.7750,0.0300,24.79,22052655.0
198,18,4,SMMR,25.10,25.13,25.1150,0.0300,25.10,24738068.0
198,18,4,ATMN,25.20,25.26,25.2300,0.0600,25.26,27571467.0
198,18,4,WNTR,24.70,24.71,24.7050,0.0100,24.69,27044356.0
199,19,4,SPNG,24.62,24.66,24.6400,0.0400,24.95,22421355.0
199,19,4,SMMR,25.11,25.13,25.1200,0.0200,25.11,24954728.0
199,19,4,ATMN,25.47,25.53,25.5000,0.0600,25.18,27758143.0
199,19,4,WNTR,24.46,24.62,24.5400,0.1600,24.46,27229388.0
200,20,4,SPNG,24.54,24.66,24.6000,0.1200,24.66,22538476.0
200,20,4,SMMR,25.08,25.13,25.1050,0.0500,25.08,25165150.0
200,20,4,ATMN,25.25,25.35,25.3000,0.1000,25.36,27858543.0
200,20,4,WNTR,24.59,24.62,24.6050,0.0300,24.59,27337088.0
201,21,4,SPNG,24.33,24.45,24.3900,0.1200,24.45,22753000.0
201,21,4,SMMR,24.74,25.03,24.8850,0.2900,25.03,25337797.0
201,21,4,ATMN,25.31,25.35,25.3300,0.0400,25.35,27859383.0
201,21,4,WNTR,24.51,24.55,24.5300,0.0400,24.66,27575888.0
202,22,4,SPNG,24.39,24.45,24.4200,0.0600,24.45,22753000.0
202,22,4,SMMR,24.83,24.87,24.8500,0.0400,24.81,25342848.0
202,22,4,ATMN,25.27,25.38,25.3250,0.1100,25.38,28102083.0
202,22,4,WNTR,24.61,24.62,24.6150,0.0100,24.69,27663988.0
203,23,4,SPNG,24.39,24.95,24.6700,0.5600,25.01,23037760.0
203,23,4,SMMR,25.22,25.28,25.2500,0.0600,25.13,25469087.0
203,23,4,ATMN,25.40,25.47,25.4350,0.0700,25.39,28216889.0
203,23,4,WNTR,24.43,24.59,24.5100,0.1600,24.43,27777373.0
204,24,4,SPNG,24.70,24.80,24.7500,0.1000,25.01,23037760.0
204,24,4,SMMR,25.04,25.14,25.0900,0.1000,25.20,25562454.0
204,24,4,ATMN,25.27,25.60,25.4350,0.3300,25.60,28560389.0
204,24,4,WNTR,24.53,24.59,24.5600,0.0600,24.59,27986973.0
205,25,4,SPNG,24.39,24.40,24.3950,0.0100,24.54,23132685.0
205,25,4,SMMR,25.07,25.09,25.0800,0.0200,25.20,25562454.0
205,25,4,ATMN,25.42,25.44,25.4300,0.0200,25.42,28706289.0
205,25,4,WNTR,24.54,24.58,24.5600,0.0400,24.59,27986973.0
206,26,4,SPNG,24.39,24.80,24.5950,0.4100,24.80,23211385.0
206,26,4,SMMR,24.82,24.94,24.8800,0.1200,24.94,25781155.0
206,26,4,ATMN,25.42,25.44,25.4300,0.0200,25.60,28795189.0
206,26,4,WNTR,24.49,24.58,24.5350,0.0900,24.41,28202373.0
207,27,4,SPNG,24.39,24.60,24.4950,0.2100,24.60,23213531.0
207,27,4,SMMR,25.10,25.14,25.1200,0.0400,25.01,25899627.0
207,27,4,ATMN,25.42,25.44,25.4300,0.0200,25.42,28913989.0
207,27,4,WNTR,24.41,24.49,24.4500,0.0800,24.49,28309473.0
208,28,4,SPNG,24.62,24.78,24.7000,0.1600,24.39,23416185.0
208,28,4,SMMR,24.98,25.05,25.0150,0.0700,24.98,26133927.0
208,28,4,ATMN,25.40,25.41,25.4050,0.0100,25.42,29020089.0
208,28,4,WNTR,24.48,24.58,24.5300,0.1000,24.58,28405495.0
209,29,4,SPNG,24.42,24.79,24.6050,0.3700,24.39,23416185.0
209,29,4,SMMR,25.02,25.04,25.0300,0.0200,25.02,26235227.0
209,29,4,ATMN,25.23,25.25,25.2400,0.0200,25.25,29275161.0
209,29,4,WNTR,24.50,24.55,24.5250,0.0500,24.48,28495895.0
210,30,4,SPNG,24.60,24.74,24.6700,0.1400,24.74,23528735.0
210,30,4,SMMR,25.11,25.12,25.1150,0.0100,25.09,26424334.0
210,30,4,ATMN,25.37,25.39,25.3800,0.0200,25.56,29584173.0
210,30,4,WNTR,24.44,24.47,24.4550,0.0300,24.47,28501173.0
211,31,4,SPNG,24.54,24.72,24.6300,0.1800,24.54,23632435.0
211,31,4,SMMR,24.92,24.97,24.9450,0.0500,25.11,26480126.0
211,31,4,ATMN,25.37,25.39,25.3800,0.0200,25.39,29586817.0
211,31,4,WNTR,24.42,24.46,24.4400,0.0400,24.38,28722873.0
212,32,4,SPNG,24.49,24.53,24.5100,0.0400,24.53,23746855.0
212,32,4,SMMR,24.92,24.97,24.9450,0.0500,25.11,26480126.0
212,32,4,ATMN,25.36,25.45,25.4050,0.0900,25.54,29770817.0
212,32,4,WNTR,24.51,24.58,24.5450,0.0700,24.51,28937435.0
213,33,4,SPNG,24.44,24.51,24.4750,0.0700,24.53,23746855.0
213,33,4,SMMR,25.04,25.12,25.0800,0.0800,25.01,26777894.0
213,33,4,ATMN,25.42,25.44,25.4300,0.0200,25.54,29770817.0
213,33,4,WNTR,24.42,24.44,24.4300,0.0200,24.44,28948973.0
214,34,4,SPNG,24.52,24.68,24.6000,0.1600,24.35,23980855.0
214,34,4,SMMR,25.02,25.10,25.0600,0.0800,25.02,26987212.0
214,34,4,ATMN,25.48,25.54,25.5100,0.0600,25.36,30051417.0
214,34,4,WNTR,24.42,24.44,24.4300,0.0200,24.44,28949225.0
215,35,4,SPNG,24.61,24.67,24.6400,0.0600,24.81,24051855.0
215,35,4,SMMR,24.82,24.84,24.8300,0.0200,24.84,27035544.0
215,35,4,ATMN,25.49,25.54,25.5150,0.0500,25.36,30051417.0
215,35,4,WNTR,24.40,24.41,24.4050,0.0100,24.41,29044425.0
216,36,4,SPNG,24.78,24.79,24.7850,0.0100,24.78,24170736.0
216,36,4,SMMR,24.82,25.18,25.0000,0.3600,24.82,27218320.0
216,36,4,ATMN,25.49,25.54,25.5150,0.0500,25.49,30146417.0
216,36,4,WNTR,24.42,24.48,24.4500,0.0600,24.48,29312125.0
217,37,4,SPNG,24.55,24.57,24.5600,0.0200,24.59,24274353.0
217,37,4,SMMR,24.82,24.92,24.8700,0.1000,24.92,27313585.0
217,37,4,ATMN,25.49,25.54,25.5150,0.0500,25.49,30146417.0
217,37,4,WNTR,24.39,24.42,24.4050,0.0300,24.42,29393925.0
218,38,4,SPNG,24.70,24.78,24.7400,0.0800,24.66,24362355.0
218,38,4,SMMR,24.84,24.89,24.8650,0.0500,24.92,27313585.0
218,38,4,ATMN,25.48,25.55,25.5150,0.0700,25.55,30270217.0
218,38,4,WNTR,24.38,24.43,24.4050,0.0500,24.38,29730725.0
219,39,4,SPNG,24.35,24.40,24.3750,0.0500,24.44,24553221.0
219,39,4,SMMR,24.84,24.89,24.8650,0.0500,24.89,27409285.0
219,39,4,ATMN,25.53,25.54,25.5350,0.0100,25.52,30385193.0
219,39,4,WNTR,24.41,24.43,24.4200,0.0200,24.38,29730725.0
220,40,4,SPNG,24.62,24.77,24.6950,0.1500,24.77,24753455.0
220,40,4,SMMR,24.82,25.08,24.9500,0.2600,24.82,27631561.0
220,40,4,ATMN,25.53,25.68,25.6050,0.1500,25.68,30385193.0
220,40,4,WNTR,24.41,24.43,24.4200,0.0200,24.41,29825625.0
221,41,4,SPNG,24.64,24.74,24.6900,0.1000,24.77,24753455.0
221,41,4,SMMR,25.16,25.18,25.1700,0.0200,25.16,27635440.0
221,41,4,ATMN,25.57,25.59,25.5800,0.0200,25.59,30492597.0
221,41,4,WNTR,24.38,24.43,24.4050,0.0500,24.43,30056725.0
222,42,4,SPNG,24.66,24.74,24.7000,0.0800,24.74,24842955.0
222,42,4,SMMR,24.95,25.06,25.0050,0.1100,25.06,27748094.0
222,42,4,ATMN,25.56,25.61,25.5850,0.0500,25.48,30622197.0
222,42,4,WNTR,24.37,24.42,24.3950,0.0500,24.37,30180025.0
223,43,4,SPNG,24.66,24.74,24.7000,0.0800,24.74,24842955.0
223,43,4,SMMR,24.92,24.94,24.9300,0.0200,24.95,27969455.0
223,43,4,ATMN,25.58,25.61,25.5950,0.0300,25.61,30833139.0
223,43,4,WNTR,24.36,24.41,24.3850,0.0500,24.36,30298425.0
224,44,4,SPNG,24.46,24.62,24.5400,0.1600,24.46,24954355.0
224,44,4,SMMR,24.94,25.08,25.0100,0.1400,24.94,28073925.0
224,44,4,ATMN,25.61,25.75,25.6800,0.1400,25.75,31157939.0
224,44,4,WNTR,24.37,24.49,24.4300,0.1200,24.49,30419225.0
225,45,4,SPNG,24.48,24.58,24.5300,0.1000,24.79,25106655.0
225,45,4,SMMR,24.98,25.03,25.0050,0.0500,24.94,28073925.0
225,45,4,ATMN,25.69,25.73,25.7100,0.0400,25.75,31157939.0
225,45,4,WNTR,24.42,24.44,24.4300,0.0200,24.49,30541425.0
226,46,4,SPNG,24.51,24.57,24.5400,0.0600,24.57,25264655.0
226,46,4,SMMR,24.92,25.04,24.9800,0.1200,24.92,28281725.0
226,46,4,ATMN,25.51,25.66,25.5850,0.1500,25.38,31408040.0
226,46,4,WNTR,24.34,24.44,24.3900,0.1000,24.34,30904125.0
227,47,4,SPNG,24.54,24.77,24.6550,0.2300,24.79,25336255.0
227,47,4,SMMR,24.88,24.93,24.9050,0.0500,24.88,28521625.0
227,47,4,ATMN,25.36,25.66,25.5100,0.3000,25.36,31523740.0
227,47,4,WNTR,24.30,24.39,24.3450,0.0900,24.30,31143325.0
228,48,4,SPNG,24.70,24.71,24.7050,0.0100,24.79,25336255.0
228,48,4,SMMR,24.87,24.93,24.9000,0.0600,24.87,28715025.0
228,48,4,ATMN,25.74,25.77,25.7550,0.0300,25.74,31739525.0
228,48,4,WNTR,24.28,24.34,24.3100,0.0600,24.28,31272225.0
229,49,4,SPNG,24.70,24.71,24.7050,0.0100,24.79,25336255.0
229,49,4,SMMR,24.87,24.93,24.9000,0.0600,24.87,28715025.0
229,49,4,ATMN,25.41,25.46,25.4350,0.0500,25.46,31760314.0
229,49,4,WNTR,24.26,24.27,24.2650,0.0100,24.27,31481409.0
230,50,4,SPNG,24.70,24.77,24.7350,0.0700,24.79,25551055.0
230,50,4,SMMR,24.87,24.93,24.9000,0.0600,24.87,28836225.0
230,50,4,ATMN,25.72,25.74,25.7300,0.0200,25.76,31861148.0
230,50,4,WNTR,24.26,24.27,24.2650,0.0100,24.27,31481409.0
231,51,4,SPNG,24.63,24.72,24.6750,0.0900,24.63,25657055.0
231,51,4,SMMR,25.08,25.20,25.1400,0.1200,25.02,28860727.0
231,51,4,ATMN,25.59,25.74,25.6650,0.1500,25.42,31956748.0
231,51,4,WNTR,24.23,24.27,24.2500,0.0400,24.23,31696709.0
232,52,4,SPNG,24.63,24.72,24.6750,0.0900,24.63,25657055.0
232,52,4,SMMR,24.84,24.99,24.9150,0.1500,25.13,28991327.0
232,52,4,ATMN,25.75,25.78,25.7650,0.0300,25.75,32194585.0
232,52,4,WNTR,24.23,24.27,24.2500,0.0400,24.23,31696709.0
233,53,4,SPNG,24.57,24.72,24.6450,0.1500,24.47,25749655.0
233,53,4,SMMR,24.85,24.99,24.9200,0.1400,24.84,29225227.0
233,53,4,ATMN,25.77,25.78,25.7750,0.0100,25.76,32289446.0
233,53,4,WNTR,24.27,24.31,24.2900,0.0400,24.22,31912709.0
234,54,4,SPNG,24.57,24.77,24.6700,0.2000,24.83,25925455.0
234,54,4,SMMR,24.89,25.02,24.9550,0.1300,25.04,29340327.0
234,54,4,ATMN,25.76,25.78,25.7700,0.0200,25.76,32390395.0
234,54,4,WNTR,24.27,24.31,24.2900,0.0400,24.27,31915308.0
235,55,4,SPNG,24.66,24.72,24.6900,0.0600,24.89,26046555.0
235,55,4,SMMR,24.99,25.02,25.0050,0.0300,25.04,29340327.0
235,55,4,ATMN,25.75,25.78,25.7650,0.0300,25.75,32508197.0
235,55,4,WNTR,24.20,24.31,24.2550,0.1100,24.20,32144008.0
236,56,4,SPNG,24.69,24.84,24.7650,0.1500,24.84,26173105.0
236,56,4,SMMR,24.89,25.02,24.9550,0.1300,24.89,29576427.0
236,56,4,ATMN,25.75,25.78,25.7650,0.0300,25.78,32619646.0
236,56,4,WNTR,24.19,24.25,24.2200,0.0600,24.19,32336908.0
237,57,4,SPNG,24.66,24.88,24.7700,0.2200,24.66,26369805.0
237,57,4,SMMR,24.94,25.02,24.9800,0.0800,25.02,29695227.0
237,57,4,ATMN,25.68,25.70,25.6900,0.0200,25.70,32849446.0
237,57,4,WNTR,24.13,24.14,24.1350,0.0100,24.14,32616409.0
238,58,4,SPNG,24.57,24.62,24.5950,0.0500,24.57,26457205.0
238,58,4,SMMR,24.84,25.02,24.9300,0.1800,24.84,30000027.0
238,58,4,ATMN,25.81,25.84,25.8250,0.0300,25.77,32942215.0
238,58,4,WNTR,24.13,24.14,24.1350,0.0100,24.25,32726109.0
239,59,4,SPNG,24.58,24.87,24.7250,0.2900,24.87,26574105.0
239,59,4,SMMR,24.92,25.02,24.9700,0.1000,24.84,30000027.0
239,59,4,ATMN,25.83,25.84,25.8350,0.0100,25.77,32942215.0
239,59,4,WNTR,24.13,24.22,24.1750,0.0900,24.22,32832309.0
240,0,5,SPNG,24.89,0.00,0.0000,0.0000,24.50,26781305.0
240,0,5,SMMR,24.94,0.00,0.0000,0.0000,25.07,30236627.0
240,0,5,ATMN,24.90,0.00,0.0000,0.0000,25.80,33178815.0
240,0,5,WNTR,26.19,0.00,0.0000,0.0000,24.17,33165011.0
241,1,5,SPNG,24.89,25.42,25.1550,0.5300,25.53,27043405.0
241,1,5,SMMR,24.94,24.99,24.9650,0.0500,25.07,30236627.0
241,1,5,ATMN,25.16,25.28,25.2200,0.1200,25.16,33271015.0
241,1,5,WNTR,25.37,25.50,25.4350,0.1300,26.19,33362609.0
242,2,5,SPNG,24.89,25.42,25.1550,0.5300,25.53,27043405.0
242,2,5,SMMR,24.59,24.81,24.7000,0.2200,24.94,30236824.0
242,2,5,ATMN,25.16,25.23,25.1950,0.0700,25.16,33271015.0
242,2,5,WNTR,25.41,25.56,25.4850,0.1500,25.56,33485909.0
243,3,5,SPNG,24.89,25.13,25.0100,0.2400,25.19,27242005.0
243,3,5,SMMR,24.59,24.60,24.5950,0.0100,24.94,30236824.0
243,3,5,ATMN,25.12,25.23,25.1750,0.1100,24.97,33360815.0
243,3,5,WNTR,25.66,25.70,25.6800,0.0400,25.70,33602911.0
244,4,5,SPNG,24.89,24.92,24.9050,0.0300,25.19,27244805.0
244,4,5,SMMR,23.75,23.90,23.8250,0.1500,24.59,30350224.0
244,4,5,ATMN,24.90,25.00,24.9500,0.1000,24.90,33582115.0
244,4,5,WNTR,25.66,25.75,25.7050,0.0900,25.75,33805511.0
245,5,5,SPNG,24.12,24.76,24.4400,0.6400,24.84,27562779.0
245,5,5,SMMR,23.75,23.81,23.7800,0.0600,24.59,30350224.0
245,5,5,ATMN,24.66,24.71,24.6850,0.0500,24.71,33846386.0
245,5,5,WNTR,26.00,26.39,26.1950,0.3900,25.75,33831211.0
246,6,5,SPNG,24.93,25.09,25.0100,0.1600,24.76,27566855.0
246,6,5,SMMR,23.58,23.80,23.6900,0.2200,23.58,30588124.0
246,6,5,ATMN,24.66,24.71,24.6850,0.0500,24.71,33849299.0
246,6,5,WNTR,25.66,25.97,25.8150,0.3100,25.97,34010320.0
247,7,5,SPNG,24.96,25.05,25.0050,0.0900,24.76,27566855.0
247,7,5,SMMR,23.57,23.61,23.5900,0.0400,23.57,30686201.0
247,7,5,ATMN,24.65,24.71,24.6800,0.0600,24.71,33925221.0
247,7,5,WNTR,25.91,25.97,25.9400,0.0600,25.91,34012254.0
248,8,5,SPNG,24.36,24.97,24.6650,0.6100,24.12,27809355.0
248,8,5,SMMR,23.37,23.40,23.3850,0.0300,23.54,30947009.0
248,8,5,ATMN,24.67,24.71,24.6900,0.0400,24.65,34038721.0
248,8,5,WNTR,26.05,26.12,26.0850,0.0700,25.97,34041966.0
249,9,5,SPNG,24.85,24.93,24.8900,0.0800,24.93,27811497.0
249,9,5,SMMR,23.52,23.57,23.5450,0.0500,23.57,31137601.0
249,9,5,ATMN,24.85,24.93,24.8900,0.0800,24.82,34067243.0
249,9,5,WNTR,26.35,26.36,26.3550,0.0100,26.35,34148869.0
250,10,5,SPNG,24.56,24.93,24.7450,0.3700,24.56,27897697.0
250,10,5,SMMR,23.52,23.57,23.5450,0.0500,23.46,31259701.0
250,10,5,ATMN,24.88,24.89,24.8850,0.0100,24.88,34067592.0
250,10,5,WNTR,26.08,26.10,26.0900,0.0200,26.31,34157366.0
251,11,5,SPNG,24.81,24.87,24.8400,0.0600,25.10,28092797.0
251,11,5,SMMR,23.46,23.51,23.4850,0.0500,23.61,31487368.0
251,11,5,ATMN,24.85,24.87,24.8600,0.0200,24.88,34166919.0
251,11,5,WNTR,26.11,26.18,26.1450,0.0700,26.18,34278102.0
252,12,5,SPNG,24.81,24.87,24.8400,0.0600,25.10,28092797.0
252,12,5,SMMR,23.50,23.86,23.6800,0.3600,23.86,31825768.0
252,12,5,ATMN,24.76,24.83,24.7950,0.0700,24.89,34405091.0
252,12,5,WNTR,25.91,25.94,25.9250,0.0300,25.94,34374483.0
253,13,5,SPNG,24.93,24.94,24.9350,0.0100,24.93,28299767.0
253,13,5,SMMR,23.63,23.86,23.7450,0.2300,23.86,32074368.0
253,13,5,ATMN,24.81,24.92,24.8650,0.1100,24.92,34646446.0
253,13,5,WNTR,25.91,25.94,25.9250,0.0300,25.94,34374483.0
254,14,5,SPNG,24.83,24.99,24.9100,0.1600,24.73,28492132.0
254,14,5,SMMR,23.28,23.40,23.3400,0.1200,23.70,32075477.0
254,14,5,ATMN,24.84,24.89,24.8650,0.0500,25.00,34886546.0
254,14,5,WNTR,25.91,26.09,26.0000,0.1800,26.09,34483283.0
255,15,5,SPNG,24.83,25.10,24.9650,0.2700,25.10,28586732.0
255,15,5,SMMR,23.32,23.39,23.3550,0.0700,23.64,32279777.0
255,15,5,ATMN,24.76,24.86,24.8100,0.1000,24.65,35307246.0
255,15,5,WNTR,26.03,26.09,26.0600,0.0600,26.03,34484919.0
256,16,5,SPNG,24.85,25.14,24.9950,0.2900,25.14,28778632.0
256,16,5,SMMR,23.42,23.64,23.5300,0.2200,23.42,32281209.0
256,16,5,ATMN,24.90,25.01,24.9550,0.1100,24.90,35431760.0
256,16,5,WNTR,25.95,26.08,26.0150,0.1300,25.95,34668319.0
257,17,5,SPNG,24.94,25.09,25.0150,0.1500,25.14,28873532.0
257,17,5,SMMR,23.49,23.64,23.5650,0.1500,23.39,32411109.0
257,17,5,ATMN,24.91,24.96,24.9350,0.0500,24.91,35549916.0
257,17,5,WNTR,26.00,26.04,26.0200,0.0400,25.95,34668319.0
258,18,5,SPNG,24.81,25.06,24.9350,0.2500,24.78,28994432.0
258,18,5,SMMR,23.54,23.61,23.5750,0.0700,23.64,32506469.0
258,18,5,ATMN,24.88,24.96,24.9200,0.0800,24.88,35765508.0
258,18,5,WNTR,26.02,26.08,26.0500,0.0600,26.01,34849719.0
259,19,5,SPNG,24.82,25.09,24.9550,0.2700,25.09,29200132.0
259,19,5,SMMR,23.52,23.53,23.5250,0.0100,23.54,32507369.0
259,19,5,ATMN,24.88,24.95,24.9150,0.0700,24.88,35868268.0
259,19,5,WNTR,26.03,26.07,26.0500,0.0400,26.01,34849719.0
260,20,5,SPNG,24.78,24.79,24.7850,0.0100,24.79,29217262.0
260,20,5,SMMR,23.49,23.53,23.5100,0.0400,23.49,32602969.0
260,20,5,ATMN,24.88,24.96,24.9200,0.0800,24.96,35964168.0
260,20,5,WNTR,26.06,26.09,26.0750,0.0300,26.02,35055519.0
261,21,5,SPNG,24.80,25.07,24.9350,0.2700,25.19,29384332.0
261,21,5,SMMR,23.45,23.49,23.4700,0.0400,23.49,32724377.0
261,21,5,ATMN,24.88,24.94,24.9100,0.0600,25.23,36081068.0
261,21,5,WNTR,25.99,26.12,26.0550,0.1300,25.96,35255919.0
262,22,5,SPNG,24.77,25.19,24.9800,0.4200,24.77,29601568.0
262,22,5,SMMR,23.46,23.53,23.4950,0.0700,23.28,33088037.0
262,22,5,ATMN,24.80,24.93,24.8650,0.1300,24.70,36247668.0
262,22,5,WNTR,25.92,25.95,25.9350,0.0300,25.95,35448179.0
263,23,5,SPNG,24.82,24.83,24.8250,0.0100,24.83,29688768.0
263,23,5,SMMR,23.45,23.47,23.4600,0.0200,23.28,33088037.0
263,23,5,ATMN,24.86,24.92,24.8900,0.0600,24.59,36564668.0
263,23,5,WNTR,26.00,26.02,26.0100,0.0200,26.00,35460298.0
264,24,5,SPNG,24.82,25.33,25.0750,0.5100,25.33,29883068.0
264,24,5,SMMR,23.42,23.48,23.4500,0.0600,23.48,33340437.0
264,24,5,ATMN,24.56,24.66,24.6100,0.1000,24.72,36675340.0
264,24,5,WNTR,25.92,25.98,25.9500,0.0600,25.98,35626179.0
265,25,5,SPNG,24.62,25.09,24.8550,0.4700,24.62,30113268.0
265,25,5,SMMR,23.41,23.53,23.4700,0.1200,23.41,33531983.0
265,25,5,ATMN,24.59,24.66,24.6250,0.0700,24.66,36783440.0
265,25,5,WNTR,25.97,25.98,25.9750,0.0100,25.98,35626179.0
266,26,5,SPNG,24.72,25.10,24.9100,0.3800,24.72,30259545.0
266,26,5,SMMR,23.41,23.60,23.5050,0.1900,23.68,33643483.0
266,26,5,ATMN,24.77,24.78,24.7750,0.0100,24.84,36908345.0
266,26,5,WNTR,26.05,26.06,26.0550,0.0100,26.04,35670305.0
267,27,5,SPNG,24.96,25.06,25.0100,0.1000,25.21,30355745.0
267,27,5,SMMR,23.54,23.55,23.5450,0.0100,23.67,33757583.0
267,27,5,ATMN,24.77,24.78,24.7750,0.0100,24.84,36908345.0
267,27,5,WNTR,25.97,26.08,26.0250,0.1100,25.97,35882505.0
268,28,5,SPNG,24.94,24.95,24.9450,0.0100,24.95,30467245.0
268,28,5,SMMR,23.53,23.54,23.5350,0.0100,23.60,33987483.0
268,28,5,ATMN,24.82,24.89,24.8550,0.0700,24.94,37151845.0
268,28,5,WNTR,25.92,25.98,25.9500,0.0600,25.92,35969305.0
269,29,5,SPNG,24.94,24.95,24.9450,0.0100,24.94,30570505.0
269,29,5,SMMR,23.53,23.54,23.5350,0.0100,23.54,33989726.0
269,29,5,ATMN,24.89,24.92,24.9050,0.0300,24.63,37414155.0
269,29,5,WNTR,26.02,26.05,26.0350,0.0300,25.98,36077105.0
270,30,5,SPNG,24.89,24.95,24.9200,0.0600,24.62,30669805.0
270,30,5,SMMR,23.50,23.54,23.5200,0.0400,23.40,34228426.0
270,30,5,ATMN,24.89,24.92,24.9050,0.0300,25.23,37633855.0
270,30,5,WNTR,26.02,26.03,26.0250,0.0100,25.98,36077105.0
271,31,5,SPNG,24.87,24.95,24.9100,0.0800,24.62,30669805.0
271,31,5,SMMR,23.53,23.54,23.5350,0.0100,23.40,34228426.0
271,31,5,ATMN,25.14,25.20,25.1700,0.0600,25.12,37779905.0
271,31,5,WNTR,25.96,25.97,25.9650,0.0100,25.97,36185105.0
272,32,5,SPNG,24.87,24.99,24.9300,0.1200,25.15,30782105.0
272,32,5,SMMR,23.46,23.48,23.4700,0.0200,23.40,34344726.0
272,32,5,ATMN,25.20,25.23,25.2150,0.0300,25.20,37780400.0
272,32,5,WNTR,25.99,26.01,26.0000,0.0200,25.97,36282405.0
273,33,5,SPNG,24.87,24.99,24.9300,0.1200,24.87,30890405.0
273,33,5,SMMR,23.37,23.43,23.4000,0.0600,23.37,34596780.0
273,33,5,ATMN,24.69,24.85,24.7700,0.1600,24.96,37874303.0
273,33,5,WNTR,25.99,26.01,26.0000,0.0200,26.03,36399205.0
274,34,5,SPNG,24.87,25.18,25.0250,0.3100,25.18,31071335.0
274,34,5,SMMR,23.47,23.49,23.4800,0.0200,23.33,34921880.0
274,34,5,ATMN,24.91,25.03,24.9700,0.1200,24.91,37969261.0
274,34,5,WNTR,25.97,26.04,26.0050,0.0700,26.04,36619505.0
275,35,5,SPNG,24.82,24.97,24.8950,0.1500,24.81,31174066.0
275,35,5,SMMR,23.48,23.51,23.4950,0.0300,23.57,35179980.0
275,35,5,ATMN,24.86,24.97,24.9150,0.1100,24.80,38079961.0
275,35,5,WNTR,26.02,26.04,26.0300,0.0200,26.04,36825257.0
276,36,5,SPNG,24.84,25.22,25.0300,0.3800,25.22,31363766.0
276,36,5,SMMR,23.49,23.57,23.5300,0.0800,23.40,35311480.0
276,36,5,ATMN,24.96,24.97,24.9650,0.0100,24.95,38080450.0
276,36,5,WNTR,26.02,26.03,26.0250,0.0100,26.04,36825257.0
277,37,5,SPNG,25.03,25.11,25.0700,0.0800,24.81,31448766.0
277,37,5,SMMR,23.40,23.56,23.4800,0.1600,23.40,35436680.0
277,37,5,ATMN,25.06,25.07,25.0650,0.0100,25.03,38319408.0
277,37,5,WNTR,26.02,26.03,26.0250,0.0100,26.04,36825257.0
278,38,5,SPNG,24.82,25.11,24.9650,0.2900,24.74,31562166.0
278,38,5,SMMR,23.47,23.57,23.5200,0.1000,23.57,35558304.0
278,38,5,ATMN,24.85,24.92,24.8850,0.0700,24.92,38441786.0
278,38,5,WNTR,26.01,26.03,26.0200,0.0200,26.01,37030457.0
279,39,5,SPNG,24.76,24.79,24.7750,0.0300,24.81,31743866.0
279,39,5,SMMR,23.51,23.53,23.5200,0.0200,23.51,35560778.0
279,39,5,ATMN,24.86,25.19,25.0250,0.3300,25.19,38544664.0
279,39,5,WNTR,26.00,26.03,26.0150,0.0300,25.98,37140857.0
280,40,5,SPNG,24.73,25.22,24.9750,0.4900,24.73,31916672.0
280,40,5,SMMR,23.47,23.51,23.4900,0.0400,23.47,35789678.0
280,40,5,ATMN,24.96,24.97,24.9650,0.0100,24.99,38660240.0
280,40,5,WNTR,26.00,26.03,26.0150,0.0300,26.03,37226957.0
281,41,5,SPNG,24.92,25.02,24.9700,0.1000,24.73,31916672.0
281,41,5,SMMR,23.37,23.51,23.4400,0.1400,23.37,35918778.0
281,41,5,ATMN,24.93,24.97,24.9500,0.0400,24.93,38996940.0
281,41,5,WNTR,26.01,26.04,26.0250,0.0300,26.05,37312157.0
282,42,5,SPNG,25.21,25.22,25.2150,0.0100,25.21,31927778.0
282,42,5,SMMR,23.50,23.54,23.5200,0.0400,23.50,36155241.0
282,42,5,ATMN,24.89,24.97,24.9300,0.0800,24.73,39089940.0
282,42,5,WNTR,26.03,26.05,26.0400,0.0200,26.08,37427557.0
283,43,5,SPNG,24.95,25.06,25.0050,0.1100,25.22,32130072.0
283,43,5,SMMR,23.49,23.53,23.5100,0.0400,23.45,36350041.0
283,43,5,ATMN,25.00,25.01,25.0050,0.0100,25.13,39211438.0
283,43,5,WNTR,25.97,26.00,25.9850,0.0300,26.00,37757631.0
284,44,5,SPNG,25.07,25.13,25.1000,0.0600,25.06,32223772.0
284,44,5,SMMR,23.49,23.52,23.5050,0.0300,23.45,36350041.0
284,44,5,ATMN,25.06,25.23,25.1450,0.1700,25.23,39427038.0
284,44,5,WNTR,25.97,26.13,26.0500,0.1600,26.13,38159931.0
285,45,5,SPNG,25.07,25.25,25.1600,0.1800,25.07,32412672.0
285,45,5,SMMR,23.39,23.49,23.4400,0.1000,23.49,36508574.0
285,45,5,ATMN,25.04,25.09,25.0650,0.0500,25.11,39429713.0
285,45,5,WNTR,25.95,26.06,26.0050,0.1100,25.95,38371531.0
286,46,5,SPNG,25.11,25.13,25.1200,0.0200,25.33,32502372.0
286,46,5,SMMR,23.41,23.49,23.4500,0.0800,23.49,36508574.0
286,46,5,ATMN,24.98,25.09,25.0350,0.1100,25.09,39657813.0
286,46,5,WNTR,25.95,26.05,26.0000,0.1000,25.95,38371531.0
287,47,5,SPNG,25.01,25.13,25.0700,0.1200,25.01,32693572.0
287,47,5,SMMR,23.41,23.57,23.4900,0.1600,23.57,36633774.0
287,47,5,ATMN,24.98,25.09,25.0350,0.1100,25.09,39657813.0
287,47,5,WNTR,25.94,26.05,25.9950,0.1100,26.05,38828631.0
288,48,5,SPNG,24.83,25.14,24.9850,0.3100,25.14,32964172.0
288,48,5,SMMR,23.40,23.57,23.4850,0.1700,23.40,36965774.0
288,48,5,ATMN,24.98,25.09,25.0350,0.1100,24.98,39777213.0
288,48,5,WNTR,25.99,26.04,26.0150,0.0500,25.94,38923531.0
289,49,5,SPNG,24.62,24.66,24.6400,0.0400,24.66,32983717.0
289,49,5,SMMR,23.46,23.54,23.5000,0.0800,23.60,37201174.0
289,49,5,ATMN,25.19,25.20,25.1950,0.0100,25.16,39925990.0
289,49,5,WNTR,26.02,26.09,26.0550,0.0700,25.98,39148136.0
290,50,5,SPNG,24.72,24.86,24.7900,0.1400,24.66,33071372.0
290,50,5,SMMR,23.32,23.33,23.3250,0.0100,23.33,37333573.0
290,50,5,ATMN,24.93,25.06,24.9950,0.1300,24.63,40138013.0
290,50,5,WNTR,26.02,26.11,26.0650,0.0900,26.17,39338936.0
291,51,5,SPNG,25.26,25.33,25.2950,0.0700,25.26,33099946.0
291,51,5,SMMR,23.32,23.33,23.3250,0.0100,23.33,37432673.0
291,51,5,ATMN,24.66,24.77,24.7150,0.1100,24.77,40154885.0
291,51,5,WNTR,26.02,26.12,26.0700,0.1000,26.17,39438636.0
292,52,5,SPNG,25.26,25.29,25.2750,0.0300,25.26,33099946.0
292,52,5,SMMR,23.53,23.56,23.5450,0.0300,23.53,37456408.0
292,52,5,ATMN,24.92,25.06,24.9900,0.1400,25.06,40359185.0
292,52,5,WNTR,26.06,26.12,26.0900,0.0600,26.17,39438636.0
293,53,5,SPNG,25.03,25.11,25.0700,0.0800,25.11,33273246.0
293,53,5,SMMR,23.47,23.56,23.5150,0.0900,23.56,37660073.0
293,53,5,ATMN,24.66,25.10,24.8800,0.4400,24.66,40581085.0
293,53,5,WNTR,26.09,26.12,26.1050,0.0300,25.97,39672136.0
294,54,5,SPNG,25.13,25.29,25.2100,0.1600,25.12,33283061.0
294,54,5,SMMR,23.45,23.56,23.5050,0.1100,23.56,37660073.0
294,54,5,ATMN,24.90,24.97,24.9350,0.0700,24.90,40705385.0
294,54,5,WNTR,26.09,26.12,26.1050,0.0300,26.09,39870636.0
295,55,5,SPNG,25.03,25.29,25.1600,0.2600,25.03,33387661.0
295,55,5,SMMR,23.54,23.56,23.5500,0.0200,23.56,37660073.0
295,55,5,ATMN,24.90,24.97,24.9350,0.0700,24.90,40705385.0
295,55,5,WNTR,26.09,26.12,26.1050,0.0300,26.18,39970736.0
296,56,5,SPNG,24.93,25.29,25.1100,0.3600,25.29,33563123.0
296,56,5,SMMR,23.51,23.52,23.5150,0.0100,23.54,37774273.0
296,56,5,ATMN,24.83,24.97,24.9000,0.1400,24.83,40837434.0
296,56,5,WNTR,26.09,26.18,26.1350,0.0900,26.09,40197083.0
297,57,5,SPNG,24.93,25.29,25.1100,0.3600,25.29,33760223.0
297,57,5,SMMR,23.48,23.56,23.5200,0.0800,23.56,37884773.0
297,57,5,ATMN,25.02,25.15,25.0850,0.1300,25.02,40937234.0
297,57,5,WNTR,26.09,26.18,26.1350,0.0900,26.18,40307283.0
298,58,5,SPNG,24.93,25.00,24.9650,0.0700,25.29,33760223.0
298,58,5,SMMR,23.49,23.56,23.5250,0.0700,23.47,37982473.0
298,58,5,ATMN,24.89,24.90,24.8950,0.0100,24.90,40950834.0
298,58,5,WNTR,26.09,26.20,26.1450,0.1100,26.20,40511083.0
299,59,5,SPNG,24.93,25.29,25.1100,0.3600,25.29,33978423.0
299,59,5,SMMR,23.45,23.57,23.5100,0.1200,23.45,38275273.0
299,59,5,ATMN,24.83,24.90,24.8650,0.0700,24.83,41080434.0
299,59,5,WNTR,26.10,26.25,26.1750,0.1500,26.25,40812983.0
300,0,6,SPNG,0.00,0.00,0.0000,0.0000,25.15,34076723.0
300,0,6,SMMR,0.00,0.00,0.0000,0.0000,23.45,38275273.0
300,0,6,ATMN,0.00,0.00,0.0000,0.0000,24.83,41169334.0
300,0,6,WNTR,0.00,0.00,0.0000,0.0000,26.26,40897683.0
